#
# There is insufficient memory for the Java Runtime Environment to continue.
# Native memory allocation (mmap) failed to map 489684992 bytes. Error detail: G1 virtual space
# Possible reasons:
#   The system is out of physical RAM or swap space
#   This process is running with CompressedOops enabled, and the Java Heap may be blocking the growth of the native heap
# Possible solutions:
#   Reduce memory load on the system
#   Increase physical memory or swap space
#   Check if swap backing store is full
#   Decrease Java heap size (-Xmx/-Xms)
#   Decrease number of Java threads
#   Decrease Java thread stack sizes (-Xss)
#   Set larger code cache with -XX:ReservedCodeCacheSize=
#   JVM is running with Unscaled Compressed Oops mode in which the Java heap is
#     placed in the first 4GB address space. The Java Heap base address is the
#     maximum limit for the native heap growth. Please use -XX:HeapBaseMinAddress
#     to set the Java Heap base and to place the Java Heap above 4GB virtual address.
# This output file may be truncated or incomplete.
#
#  Out of Memory Error (os_windows.cpp:3732), pid=2788, tid=13380
#
# JRE version: OpenJDK Runtime Environment Temurin-21.0.12.1+1 (21.0.12.1+1) (build 21.0.12.1+1-LTS)
# Java VM: OpenJDK 64-Bit Server VM Temurin-21.0.12.1+1 (21.0.12.1+1-LTS, mixed mode, sharing, tiered, compressed oops, compressed class ptrs, g1 gc, windows-amd64)
# No core dump will be written. Minidumps are not enabled by default on client versions of Windows
#

---------------  S U M M A R Y ------------

Command Line: --add-opens=java.base/java.lang=ALL-UNNAMED --add-opens=java.base/java.lang.invoke=ALL-UNNAMED --add-opens=java.base/java.util=ALL-UNNAMED --add-opens=java.prefs/java.util.prefs=ALL-UNNAMED --add-exports=jdk.compiler/com.sun.tools.javac.api=ALL-UNNAMED --add-exports=jdk.compiler/com.sun.tools.javac.util=ALL-UNNAMED --add-opens=java.base/java.util=ALL-UNNAMED --add-opens=java.prefs/java.util.prefs=ALL-UNNAMED --add-opens=java.base/java.nio.charset=ALL-UNNAMED --add-opens=java.base/java.net=ALL-UNNAMED --add-opens=java.base/java.util.concurrent=ALL-UNNAMED --add-opens=java.base/java.util.concurrent.atomic=ALL-UNNAMED --add-opens=java.xml/javax.xml.namespace=ALL-UNNAMED --add-opens=java.base/java.time=ALL-UNNAMED -XX:MaxMetaspaceSize=512m -Xmx2048m -Dfile.encoding=UTF-8 -Duser.country=GB -Duser.language=en -Duser.variant -javaagent:C:\Users\Mr Solomon Wisdom\.gradle\wrapper\dists\gradle-9.3.1-bin\23ovyewtku6u96viwx3xl3oks\gradle-9.3.1\lib\agents\gradle-instrumentation-agent-9.3.1.jar org.gradle.launcher.daemon.bootstrap.GradleDaemon 9.3.1

Host: Intel(R) Celeron(R) N4100 CPU @ 1.10GHz, 4 cores, 3G,  Windows 10 , 64 bit Build 19041 (10.0.19041.5915)
Time: Fri Oct  2 05:27:54 2026 GMT Summer Time elapsed time: 65.910974 seconds (0d 0h 1m 5s)

---------------  T H R E A D  ---------------

Current thread (0x00000240dc22f060):  VMThread "VM Thread"          [id=13380, stack(0x000000896d000000,0x000000896d100000) (1024K)]

Stack: [0x000000896d000000,0x000000896d100000]
Native frames: (J=compiled Java code, j=interpreted, Vv=VM code, C=native code)
V  [jvm.dll+0x6d83e9]
V  [jvm.dll+0x8b5736]
V  [jvm.dll+0x8b7cee]
V  [jvm.dll+0x8b83d3]
V  [jvm.dll+0x284596]
V  [jvm.dll+0x6d4d05]
V  [jvm.dll+0x6c898a]
V  [jvm.dll+0x35f2f8]
V  [jvm.dll+0x366f36]
V  [jvm.dll+0x3b804e]
V  [jvm.dll+0x3b82f8]
V  [jvm.dll+0x33320c]
V  [jvm.dll+0x33329a]
V  [jvm.dll+0x377382]
V  [jvm.dll+0x375b1a]
V  [jvm.dll+0x332951]
V  [jvm.dll+0x37517a]
V  [jvm.dll+0x8be0c0]
V  [jvm.dll+0x8bf434]
V  [jvm.dll+0x8bf960]
V  [jvm.dll+0x8bfc03]
V  [jvm.dll+0x8600cd]
V  [jvm.dll+0x6d6c1d]
C  [ucrtbase.dll+0x21bb2]
C  [KERNEL32.DLL+0x17374]
C  [ntdll.dll+0x4cc91]

VM_Operation (0x000000896e4f5140): G1CollectForAllocation, mode: safepoint, requested by thread 0x00000240fcda4f10


---------------  P R O C E S S  ---------------

Threads class SMR info:
_java_thread_list=0x00000240fec1aad0, length=34, elements={
0x00000240bfe96ee0, 0x00000240dc24c410, 0x00000240dc24ef80, 0x00000240dc250070,
0x00000240dc250ad0, 0x00000240dc251530, 0x00000240dc251f90, 0x00000240dc25ad30,
0x00000240dc2643b0, 0x00000240dc3ef0f0, 0x00000240dc498020, 0x00000240fc532c20,
0x00000240fce1b430, 0x00000240fcea4090, 0x00000240fcc24380, 0x00000240fcc249f0,
0x00000240fc76b1e0, 0x00000240fcda4f10, 0x00000240fcda5c30, 0x00000240fcda7670,
0x00000240fcda8390, 0x00000240fcda6fe0, 0x00000240fcda55a0, 0x00000240fcda7d00,
0x00000240fd6b8e10, 0x00000240fd6b8780, 0x00000240fd6b4c70, 0x00000240fd6b5300,
0x00000240fd6b7a60, 0x00000240fd6b6d40, 0x00000240fd6b5990, 0x00000240fd6b66b0,
0x00000240fd6ba1c0, 0x00000240fd6baee0
}

Java Threads: ( => current thread )
  0x00000240bfe96ee0 JavaThread "main"                              [_thread_blocked, id=13196, stack(0x000000896c900000,0x000000896ca00000) (1024K)]
  0x00000240dc24c410 JavaThread "Reference Handler"          daemon [_thread_blocked, id=4880, stack(0x000000896d100000,0x000000896d200000) (1024K)]
  0x00000240dc24ef80 JavaThread "Finalizer"                  daemon [_thread_blocked, id=9292, stack(0x000000896d200000,0x000000896d300000) (1024K)]
  0x00000240dc250070 JavaThread "Signal Dispatcher"          daemon [_thread_blocked, id=11848, stack(0x000000896d300000,0x000000896d400000) (1024K)]
  0x00000240dc250ad0 JavaThread "Attach Listener"            daemon [_thread_blocked, id=13616, stack(0x000000896d400000,0x000000896d500000) (1024K)]
  0x00000240dc251530 JavaThread "Service Thread"             daemon [_thread_blocked, id=5580, stack(0x000000896d500000,0x000000896d600000) (1024K)]
  0x00000240dc251f90 JavaThread "Monitor Deflation Thread"   daemon [_thread_blocked, id=1524, stack(0x000000896d600000,0x000000896d700000) (1024K)]
  0x00000240dc25ad30 JavaThread "C2 CompilerThread0"         daemon [_thread_blocked, id=9320, stack(0x000000896d700000,0x000000896d800000) (1024K)]
  0x00000240dc2643b0 JavaThread "C1 CompilerThread0"         daemon [_thread_blocked, id=8824, stack(0x000000896d800000,0x000000896d900000) (1024K)]
  0x00000240dc3ef0f0 JavaThread "Common-Cleaner"             daemon [_thread_blocked, id=32, stack(0x000000896d900000,0x000000896da00000) (1024K)]
  0x00000240dc498020 JavaThread "Notification Thread"        daemon [_thread_blocked, id=8088, stack(0x000000896da00000,0x000000896db00000) (1024K)]
  0x00000240fc532c20 JavaThread "Daemon health stats"               [_thread_blocked, id=14432, stack(0x000000896db00000,0x000000896dc00000) (1024K)]
  0x00000240fce1b430 JavaThread "Incoming local TCP Connector on port 59393"        [_thread_in_native, id=13336, stack(0x000000896df00000,0x000000896e000000) (1024K)]
  0x00000240fcea4090 JavaThread "Daemon periodic checks"            [_thread_blocked, id=13132, stack(0x000000896e000000,0x000000896e100000) (1024K)]
  0x00000240fcc24380 JavaThread "Daemon"                            [_thread_blocked, id=5396, stack(0x000000896e100000,0x000000896e200000) (1024K)]
  0x00000240fcc249f0 JavaThread "Handler for socket connection from /127.0.0.1:59393 to /127.0.0.1:59394"        [_thread_in_native, id=6624, stack(0x000000896e200000,0x000000896e300000) (1024K)]
  0x00000240fc76b1e0 JavaThread "Cancel handler"                    [_thread_blocked, id=7112, stack(0x000000896e300000,0x000000896e400000) (1024K)]
  0x00000240fcda4f10 JavaThread "Daemon worker"                     [_thread_blocked, id=4344, stack(0x000000896e400000,0x000000896e500000) (1024K)]
  0x00000240fcda5c30 JavaThread "Asynchronous log dispatcher for DefaultDaemonConnection: socket connection from /127.0.0.1:59393 to /127.0.0.1:59394"        [_thread_blocked, id=8796, stack(0x000000896e500000,0x000000896e600000) (1024K)]
  0x00000240fcda7670 JavaThread "Stdin handler"                     [_thread_blocked, id=7292, stack(0x000000896e600000,0x000000896e700000) (1024K)]
  0x00000240fcda8390 JavaThread "Daemon client event forwarder"        [_thread_blocked, id=4604, stack(0x000000896e700000,0x000000896e800000) (1024K)]
  0x00000240fcda6fe0 JavaThread "Cache worker for journal cache (C:\Users\Mr Solomon Wisdom\.gradle\caches\journal-1)"        [_thread_blocked, id=11800, stack(0x000000896e800000,0x000000896e900000) (1024K)]
  0x00000240fcda55a0 JavaThread "File lock request listener"        [_thread_in_native, id=956, stack(0x000000896e900000,0x000000896ea00000) (1024K)]
  0x00000240fcda7d00 JavaThread "Cache worker for file hash cache (C:\Users\Mr Solomon Wisdom\.gradle\caches\9.3.1\fileHashes)"        [_thread_blocked, id=10884, stack(0x000000896ea00000,0x000000896eb00000) (1024K)]
  0x00000240fd6b8e10 JavaThread "Cache worker for file hash cache (C:\Users\Mr Solomon Wisdom\Desktop\giftgrid\mobile-native\android\.gradle\9.3.1\fileHashes)"        [_thread_blocked, id=14312, stack(0x000000896eb00000,0x000000896ec00000) (1024K)]
  0x00000240fd6b8780 JavaThread "Cache worker for Build Output Cleanup Cache (C:\Users\Mr Solomon Wisdom\Desktop\giftgrid\mobile-native\android\.gradle\buildOutputCleanup)"        [_thread_blocked, id=9000, stack(0x000000896ec00000,0x000000896ed00000) (1024K)]
  0x00000240fd6b4c70 JavaThread "File watcher server"        daemon [_thread_in_native, id=13904, stack(0x000000896ed00000,0x000000896ee00000) (1024K)]
  0x00000240fd6b5300 JavaThread "File watcher consumer"      daemon [_thread_blocked, id=1912, stack(0x000000896ee00000,0x000000896ef00000) (1024K)]
  0x00000240fd6b7a60 JavaThread "Cache worker for checksums cache (C:\Users\Mr Solomon Wisdom\Desktop\giftgrid\mobile-native\android\.gradle\9.3.1\checksums)"        [_thread_blocked, id=5420, stack(0x000000896ef00000,0x000000896f000000) (1024K)]
  0x00000240fd6b6d40 JavaThread "Cache worker for file content cache (C:\Users\Mr Solomon Wisdom\.gradle\caches\9.3.1\fileContent)"        [_thread_blocked, id=8456, stack(0x000000896f000000,0x000000896f100000) (1024K)]
  0x00000240fd6b5990 JavaThread "Cache worker for cache directory md-supplier (C:\Users\Mr Solomon Wisdom\.gradle\caches\9.3.1\md-supplier)"        [_thread_blocked, id=1536, stack(0x000000896f100000,0x000000896f200000) (1024K)]
  0x00000240fd6b66b0 JavaThread "Cache worker for cache directory md-rule (C:\Users\Mr Solomon Wisdom\.gradle\caches\9.3.1\md-rule)"        [_thread_blocked, id=7212, stack(0x000000896f200000,0x000000896f300000) (1024K)]
  0x00000240fd6ba1c0 JavaThread "jar transforms"                    [_thread_blocked, id=9088, stack(0x000000896f300000,0x000000896f400000) (1024K)]
  0x00000240fd6baee0 JavaThread "Cache worker for Build Output Cleanup Cache (C:\Users\Mr Solomon Wisdom\Desktop\giftgrid\mobile-native\node_modules\@react-native\gradle-plugin\.gradle\buildOutputCleanup)"        [_thread_blocked, id=3192, stack(0x000000896f400000,0x000000896f500000) (1024K)]
Total: 34

Other Threads:
=>0x00000240dc22f060 VMThread "VM Thread"                           [id=13380, stack(0x000000896d000000,0x000000896d100000) (1024K)]
  0x00000240dc21b520 WatcherThread "VM Periodic Task Thread"        [id=12800, stack(0x000000896cf00000,0x000000896d000000) (1024K)]
  0x00000240bfeecdf0 WorkerThread "GC Thread#0"                     [id=10612, stack(0x000000896ca00000,0x000000896cb00000) (1024K)]
  0x00000240dc5d78a0 WorkerThread "GC Thread#1"                     [id=3380, stack(0x000000896dc00000,0x000000896dd00000) (1024K)]
  0x00000240dc5cde60 WorkerThread "GC Thread#2"                     [id=12024, stack(0x000000896dd00000,0x000000896de00000) (1024K)]
  0x00000240fc339d80 WorkerThread "GC Thread#3"                     [id=14288, stack(0x000000896de00000,0x000000896df00000) (1024K)]
  0x00000240bfefed50 ConcurrentGCThread "G1 Main Marker"            [id=12172, stack(0x000000896cb00000,0x000000896cc00000) (1024K)]
  0x00000240bfeffdb0 WorkerThread "G1 Conc#0"                       [id=2704, stack(0x000000896cc00000,0x000000896cd00000) (1024K)]
  0x00000240bff592d0 ConcurrentGCThread "G1 Refine#0"               [id=6216, stack(0x000000896cd00000,0x000000896ce00000) (1024K)]
  0x00000240bff59c00 ConcurrentGCThread "G1 Service"                [id=13804, stack(0x000000896ce00000,0x000000896cf00000) (1024K)]
Total: 10

Threads with active compile tasks:
Total: 0

VM state: at safepoint (normal execution)

VM Mutex/Monitor currently owned by a thread:  ([mutex/lock_event])
[0x00007ffa2806f5b0] Threads_lock - owner thread: 0x00000240dc22f060
[0x00007ffa2806f6b0] Heap_lock - owner thread: 0x00000240fcda4f10

Heap address: 0x0000000080000000, size: 2048 MB, Compressed Oops mode: 32-bit

CDS archive(s) mapped at: [0x00000240dd000000-0x00000240ddc80000-0x00000240ddc80000), size 13107200, SharedBaseAddress: 0x00000240dd000000, ArchiveRelocationMode: 1.
Compressed class space mapped at: 0x00000240de000000-0x00000240f8000000, reserved size: 436207616
Narrow klass base: 0x00000240dd000000, Narrow klass shift: 0, Narrow klass range: 0x100000000

GC Precious Log:
 CardTable entry size: 512
 Card Set container configuration: InlinePtr #cards 5 size 8 Array Of Cards #cards 12 size 40 Howl #buckets 4 coarsen threshold 1843 Howl Bitmap #cards 512 size 80 coarsen threshold 460 Card regions per heap region 1 cards per card region 2048
 CPUs: 4 total, 4 available
 Memory: 3914M
 Large Page Support: Disabled
 NUMA Support: Disabled
 Compressed Oops: Enabled (32-bit)
 Heap Region Size: 1M
 Heap Min Capacity: 8M
 Heap Initial Capacity: 62M
 Heap Max Capacity: 2G
 Pre-touch: Disabled
 Parallel Workers: 4
 Concurrent Workers: 1
 Concurrent Refinement Workers: 4
 Periodic GC: Disabled

Heap:
 garbage-first heap   total 339968K, used 61613K [0x0000000080000000, 0x0000000100000000)
  region size 1024K, 12 young (12288K), 12 survivors (12288K)
 Metaspace       used 48552K, committed 50176K, reserved 491520K
  class space    used 6930K, committed 7680K, reserved 425984K

Heap Regions: E=young(eden), S=young(survivor), O=old, HS=humongous(starts), HC=humongous(continues), CS=collection set, F=free, TAMS=top-at-mark-start, PB=parsable bottom
|   0|0x0000000080000000, 0x0000000080100000, 0x0000000080100000|100%|HS|  |TAMS 0x0000000080000000| PB 0x0000000080000000| Complete 
|   1|0x0000000080100000, 0x0000000080200000, 0x0000000080200000|100%|HC|  |TAMS 0x0000000080100000| PB 0x0000000080100000| Complete 
|   2|0x0000000080200000, 0x0000000080300000, 0x0000000080300000|100%|HC|  |TAMS 0x0000000080200000| PB 0x0000000080200000| Complete 
|   3|0x0000000080300000, 0x0000000080400000, 0x0000000080400000|100%|HC|  |TAMS 0x0000000080300000| PB 0x0000000080300000| Complete 
|   4|0x0000000080400000, 0x0000000080500000, 0x0000000080500000|100%| O|  |TAMS 0x0000000080400000| PB 0x0000000080400000| Untracked 
|   5|0x0000000080500000, 0x0000000080600000, 0x0000000080600000|100%| O|  |TAMS 0x0000000080500000| PB 0x0000000080500000| Untracked 
|   6|0x0000000080600000, 0x0000000080700000, 0x0000000080700000|100%| O|  |TAMS 0x0000000080600000| PB 0x0000000080600000| Untracked 
|   7|0x0000000080700000, 0x0000000080800000, 0x0000000080800000|100%| O|  |TAMS 0x0000000080700000| PB 0x0000000080700000| Untracked 
|   8|0x0000000080800000, 0x0000000080900000, 0x0000000080900000|100%| O|  |TAMS 0x0000000080800000| PB 0x0000000080800000| Untracked 
|   9|0x0000000080900000, 0x0000000080a00000, 0x0000000080a00000|100%| O|  |TAMS 0x0000000080900000| PB 0x0000000080900000| Untracked 
|  10|0x0000000080a00000, 0x0000000080b00000, 0x0000000080b00000|100%| O|  |TAMS 0x0000000080a00000| PB 0x0000000080a00000| Untracked 
|  11|0x0000000080b00000, 0x0000000080c00000, 0x0000000080c00000|100%|HS|  |TAMS 0x0000000080b00000| PB 0x0000000080b00000| Complete 
|  12|0x0000000080c00000, 0x0000000080d00000, 0x0000000080d00000|100%| O|  |TAMS 0x0000000080c00000| PB 0x0000000080c00000| Untracked 
|  13|0x0000000080d00000, 0x0000000080e00000, 0x0000000080e00000|100%| O|  |TAMS 0x0000000080d00000| PB 0x0000000080d00000| Untracked 
|  14|0x0000000080e00000, 0x0000000080f00000, 0x0000000080f00000|100%| O|  |TAMS 0x0000000080e00000| PB 0x0000000080e00000| Untracked 
|  15|0x0000000080f00000, 0x0000000081000000, 0x0000000081000000|100%| O|  |TAMS 0x0000000080f00000| PB 0x0000000080f00000| Untracked 
|  16|0x0000000081000000, 0x0000000081100000, 0x0000000081100000|100%| O|  |TAMS 0x0000000081000000| PB 0x0000000081000000| Untracked 
|  17|0x0000000081100000, 0x0000000081200000, 0x0000000081200000|100%| O|  |TAMS 0x0000000081100000| PB 0x0000000081100000| Untracked 
|  18|0x0000000081200000, 0x0000000081300000, 0x0000000081300000|100%| O|  |TAMS 0x0000000081200000| PB 0x0000000081200000| Untracked 
|  19|0x0000000081300000, 0x0000000081400000, 0x0000000081400000|100%| O|  |TAMS 0x0000000081300000| PB 0x0000000081300000| Untracked 
|  20|0x0000000081400000, 0x0000000081500000, 0x0000000081500000|100%| O|  |TAMS 0x0000000081400000| PB 0x0000000081400000| Untracked 
|  21|0x0000000081500000, 0x0000000081600000, 0x0000000081600000|100%| O|  |TAMS 0x0000000081500000| PB 0x0000000081500000| Untracked 
|  22|0x0000000081600000, 0x0000000081700000, 0x0000000081700000|100%| O|  |TAMS 0x0000000081600000| PB 0x0000000081600000| Untracked 
|  23|0x0000000081700000, 0x0000000081800000, 0x0000000081800000|100%| O|  |TAMS 0x0000000081700000| PB 0x0000000081700000| Untracked 
|  24|0x0000000081800000, 0x0000000081900000, 0x0000000081900000|100%| O|  |TAMS 0x0000000081800000| PB 0x0000000081800000| Untracked 
|  25|0x0000000081900000, 0x0000000081a00000, 0x0000000081a00000|100%| O|  |TAMS 0x0000000081900000| PB 0x0000000081900000| Untracked 
|  26|0x0000000081a00000, 0x0000000081b00000, 0x0000000081b00000|100%| O|  |TAMS 0x0000000081a00000| PB 0x0000000081a00000| Untracked 
|  27|0x0000000081b00000, 0x0000000081c00000, 0x0000000081c00000|100%| O|  |TAMS 0x0000000081b00000| PB 0x0000000081b00000| Untracked 
|  28|0x0000000081c00000, 0x0000000081d00000, 0x0000000081d00000|100%| O|  |TAMS 0x0000000081c00000| PB 0x0000000081c00000| Untracked 
|  29|0x0000000081d00000, 0x0000000081e00000, 0x0000000081e00000|100%| O|  |TAMS 0x0000000081d00000| PB 0x0000000081d00000| Untracked 
|  30|0x0000000081e00000, 0x0000000081f00000, 0x0000000081f00000|100%| O|  |TAMS 0x0000000081e00000| PB 0x0000000081e00000| Untracked 
|  31|0x0000000081f00000, 0x0000000082000000, 0x0000000082000000|100%| O|  |TAMS 0x0000000081f00000| PB 0x0000000081f00000| Untracked 
|  32|0x0000000082000000, 0x0000000082100000, 0x0000000082100000|100%| O|  |TAMS 0x0000000082000000| PB 0x0000000082000000| Untracked 
|  33|0x0000000082100000, 0x0000000082200000, 0x0000000082200000|100%| O|  |TAMS 0x0000000082100000| PB 0x0000000082100000| Untracked 
|  34|0x0000000082200000, 0x0000000082300000, 0x0000000082300000|100%| O|  |TAMS 0x0000000082200000| PB 0x0000000082200000| Untracked 
|  35|0x0000000082300000, 0x0000000082400000, 0x0000000082400000|100%| O|  |TAMS 0x0000000082300000| PB 0x0000000082300000| Untracked 
|  36|0x0000000082400000, 0x0000000082500000, 0x0000000082500000|100%| O|  |TAMS 0x0000000082400000| PB 0x0000000082400000| Untracked 
|  37|0x0000000082500000, 0x0000000082600000, 0x0000000082600000|100%| O|  |TAMS 0x0000000082500000| PB 0x0000000082500000| Untracked 
|  38|0x0000000082600000, 0x0000000082700000, 0x0000000082700000|100%| O|  |TAMS 0x0000000082600000| PB 0x0000000082600000| Untracked 
|  39|0x0000000082700000, 0x0000000082800000, 0x0000000082800000|100%| O|  |TAMS 0x0000000082700000| PB 0x0000000082700000| Untracked 
|  40|0x0000000082800000, 0x0000000082900000, 0x0000000082900000|100%| O|  |TAMS 0x0000000082800000| PB 0x0000000082800000| Untracked 
|  41|0x0000000082900000, 0x0000000082a00000, 0x0000000082a00000|100%| O|  |TAMS 0x0000000082900000| PB 0x0000000082900000| Untracked 
|  42|0x0000000082a00000, 0x0000000082b00000, 0x0000000082b00000|100%| O|  |TAMS 0x0000000082a00000| PB 0x0000000082a00000| Untracked 
|  43|0x0000000082b00000, 0x0000000082c00000, 0x0000000082c00000|100%| O|  |TAMS 0x0000000082b00000| PB 0x0000000082b00000| Untracked 
|  44|0x0000000082c00000, 0x0000000082d00000, 0x0000000082d00000|100%| O|  |TAMS 0x0000000082c00000| PB 0x0000000082c00000| Untracked 
|  45|0x0000000082d00000, 0x0000000082e00000, 0x0000000082e00000|100%| O|  |TAMS 0x0000000082d00000| PB 0x0000000082d00000| Untracked 
|  46|0x0000000082e00000, 0x0000000082f00000, 0x0000000082f00000|100%| O|  |TAMS 0x0000000082e00000| PB 0x0000000082e00000| Untracked 
|  47|0x0000000082f00000, 0x0000000083000000, 0x0000000083000000|100%| O|  |TAMS 0x0000000082f00000| PB 0x0000000082f00000| Untracked 
|  48|0x0000000083000000, 0x00000000830bad00, 0x0000000083100000| 72%| O|  |TAMS 0x0000000083000000| PB 0x0000000083000000| Untracked 
|  49|0x0000000083100000, 0x0000000083100000, 0x0000000083200000|  0%| F|  |TAMS 0x0000000083100000| PB 0x0000000083100000| Untracked 
|  50|0x0000000083200000, 0x0000000083200000, 0x0000000083300000|  0%| F|  |TAMS 0x0000000083200000| PB 0x0000000083200000| Untracked 
|  51|0x0000000083300000, 0x0000000083300000, 0x0000000083400000|  0%| F|  |TAMS 0x0000000083300000| PB 0x0000000083300000| Untracked 
|  52|0x0000000083400000, 0x0000000083400000, 0x0000000083500000|  0%| F|  |TAMS 0x0000000083400000| PB 0x0000000083400000| Untracked 
|  53|0x0000000083500000, 0x0000000083500000, 0x0000000083600000|  0%| F|  |TAMS 0x0000000083500000| PB 0x0000000083500000| Untracked 
|  54|0x0000000083600000, 0x0000000083600000, 0x0000000083700000|  0%| F|  |TAMS 0x0000000083600000| PB 0x0000000083600000| Untracked 
|  55|0x0000000083700000, 0x0000000083700000, 0x0000000083800000|  0%| F|  |TAMS 0x0000000083700000| PB 0x0000000083700000| Untracked 
|  56|0x0000000083800000, 0x0000000083800000, 0x0000000083900000|  0%| F|  |TAMS 0x0000000083800000| PB 0x0000000083800000| Untracked 
|  57|0x0000000083900000, 0x0000000083900000, 0x0000000083a00000|  0%| F|  |TAMS 0x0000000083900000| PB 0x0000000083900000| Untracked 
|  58|0x0000000083a00000, 0x0000000083a00000, 0x0000000083b00000|  0%| F|  |TAMS 0x0000000083a00000| PB 0x0000000083a00000| Untracked 
|  59|0x0000000083b00000, 0x0000000083b00000, 0x0000000083c00000|  0%| F|  |TAMS 0x0000000083b00000| PB 0x0000000083b00000| Untracked 
|  60|0x0000000083c00000, 0x0000000083c00000, 0x0000000083d00000|  0%| F|  |TAMS 0x0000000083c00000| PB 0x0000000083c00000| Untracked 
|  61|0x0000000083d00000, 0x0000000083d00000, 0x0000000083e00000|  0%| F|  |TAMS 0x0000000083d00000| PB 0x0000000083d00000| Untracked 
|  62|0x0000000083e00000, 0x0000000083e00000, 0x0000000083f00000|  0%| F|  |TAMS 0x0000000083e00000| PB 0x0000000083e00000| Untracked 
|  63|0x0000000083f00000, 0x0000000083f00000, 0x0000000084000000|  0%| F|  |TAMS 0x0000000083f00000| PB 0x0000000083f00000| Untracked 
|  64|0x0000000084000000, 0x0000000084000000, 0x0000000084100000|  0%| F|  |TAMS 0x0000000084000000| PB 0x0000000084000000| Untracked 
|  65|0x0000000084100000, 0x0000000084100000, 0x0000000084200000|  0%| F|  |TAMS 0x0000000084100000| PB 0x0000000084100000| Untracked 
|  66|0x0000000084200000, 0x0000000084200000, 0x0000000084300000|  0%| F|  |TAMS 0x0000000084200000| PB 0x0000000084200000| Untracked 
|  67|0x0000000084300000, 0x0000000084300000, 0x0000000084400000|  0%| F|  |TAMS 0x0000000084300000| PB 0x0000000084300000| Untracked 
|  68|0x0000000084400000, 0x0000000084400000, 0x0000000084500000|  0%| F|  |TAMS 0x0000000084400000| PB 0x0000000084400000| Untracked 
|  69|0x0000000084500000, 0x0000000084500000, 0x0000000084600000|  0%| F|  |TAMS 0x0000000084500000| PB 0x0000000084500000| Untracked 
|  70|0x0000000084600000, 0x0000000084600000, 0x0000000084700000|  0%| F|  |TAMS 0x0000000084600000| PB 0x0000000084600000| Untracked 
|  71|0x0000000084700000, 0x0000000084700000, 0x0000000084800000|  0%| F|  |TAMS 0x0000000084700000| PB 0x0000000084700000| Untracked 
|  72|0x0000000084800000, 0x0000000084800000, 0x0000000084900000|  0%| F|  |TAMS 0x0000000084800000| PB 0x0000000084800000| Untracked 
|  73|0x0000000084900000, 0x0000000084900000, 0x0000000084a00000|  0%| F|  |TAMS 0x0000000084900000| PB 0x0000000084900000| Untracked 
|  74|0x0000000084a00000, 0x0000000084a00000, 0x0000000084b00000|  0%| F|  |TAMS 0x0000000084a00000| PB 0x0000000084a00000| Untracked 
|  75|0x0000000084b00000, 0x0000000084b00000, 0x0000000084c00000|  0%| F|  |TAMS 0x0000000084b00000| PB 0x0000000084b00000| Untracked 
|  76|0x0000000084c00000, 0x0000000084c00000, 0x0000000084d00000|  0%| F|  |TAMS 0x0000000084c00000| PB 0x0000000084c00000| Untracked 
|  77|0x0000000084d00000, 0x0000000084d00000, 0x0000000084e00000|  0%| F|  |TAMS 0x0000000084d00000| PB 0x0000000084d00000| Untracked 
|  78|0x0000000084e00000, 0x0000000084e00000, 0x0000000084f00000|  0%| F|  |TAMS 0x0000000084e00000| PB 0x0000000084e00000| Untracked 
|  79|0x0000000084f00000, 0x0000000084f00000, 0x0000000085000000|  0%| F|  |TAMS 0x0000000084f00000| PB 0x0000000084f00000| Untracked 
|  80|0x0000000085000000, 0x0000000085000000, 0x0000000085100000|  0%| F|  |TAMS 0x0000000085000000| PB 0x0000000085000000| Untracked 
|  81|0x0000000085100000, 0x0000000085100000, 0x0000000085200000|  0%| F|  |TAMS 0x0000000085100000| PB 0x0000000085100000| Untracked 
|  82|0x0000000085200000, 0x0000000085200000, 0x0000000085300000|  0%| F|  |TAMS 0x0000000085200000| PB 0x0000000085200000| Untracked 
|  83|0x0000000085300000, 0x0000000085300000, 0x0000000085400000|  0%| F|  |TAMS 0x0000000085300000| PB 0x0000000085300000| Untracked 
|  84|0x0000000085400000, 0x0000000085400000, 0x0000000085500000|  0%| F|  |TAMS 0x0000000085400000| PB 0x0000000085400000| Untracked 
|  85|0x0000000085500000, 0x0000000085500000, 0x0000000085600000|  0%| F|  |TAMS 0x0000000085500000| PB 0x0000000085500000| Untracked 
|  86|0x0000000085600000, 0x0000000085600000, 0x0000000085700000|  0%| F|  |TAMS 0x0000000085600000| PB 0x0000000085600000| Untracked 
|  87|0x0000000085700000, 0x0000000085700000, 0x0000000085800000|  0%| F|  |TAMS 0x0000000085700000| PB 0x0000000085700000| Untracked 
|  88|0x0000000085800000, 0x0000000085800000, 0x0000000085900000|  0%| F|  |TAMS 0x0000000085800000| PB 0x0000000085800000| Untracked 
|  89|0x0000000085900000, 0x0000000085900000, 0x0000000085a00000|  0%| F|  |TAMS 0x0000000085900000| PB 0x0000000085900000| Untracked 
|  90|0x0000000085a00000, 0x0000000085a00000, 0x0000000085b00000|  0%| F|  |TAMS 0x0000000085a00000| PB 0x0000000085a00000| Untracked 
|  91|0x0000000085b00000, 0x0000000085b00000, 0x0000000085c00000|  0%| F|  |TAMS 0x0000000085b00000| PB 0x0000000085b00000| Untracked 
|  92|0x0000000085c00000, 0x0000000085c00000, 0x0000000085d00000|  0%| F|  |TAMS 0x0000000085c00000| PB 0x0000000085c00000| Untracked 
|  93|0x0000000085d00000, 0x0000000085d00000, 0x0000000085e00000|  0%| F|  |TAMS 0x0000000085d00000| PB 0x0000000085d00000| Untracked 
|  94|0x0000000085e00000, 0x0000000085e00000, 0x0000000085f00000|  0%| F|  |TAMS 0x0000000085e00000| PB 0x0000000085e00000| Untracked 
|  95|0x0000000085f00000, 0x0000000085f00000, 0x0000000086000000|  0%| F|  |TAMS 0x0000000085f00000| PB 0x0000000085f00000| Untracked 
|  96|0x0000000086000000, 0x0000000086000000, 0x0000000086100000|  0%| F|  |TAMS 0x0000000086000000| PB 0x0000000086000000| Untracked 
|  97|0x0000000086100000, 0x0000000086100000, 0x0000000086200000|  0%| F|  |TAMS 0x0000000086100000| PB 0x0000000086100000| Untracked 
|  98|0x0000000086200000, 0x0000000086200000, 0x0000000086300000|  0%| F|  |TAMS 0x0000000086200000| PB 0x0000000086200000| Untracked 
|  99|0x0000000086300000, 0x0000000086300000, 0x0000000086400000|  0%| F|  |TAMS 0x0000000086300000| PB 0x0000000086300000| Untracked 
| 100|0x0000000086400000, 0x0000000086400000, 0x0000000086500000|  0%| F|  |TAMS 0x0000000086400000| PB 0x0000000086400000| Untracked 
| 101|0x0000000086500000, 0x0000000086500000, 0x0000000086600000|  0%| F|  |TAMS 0x0000000086500000| PB 0x0000000086500000| Untracked 
| 102|0x0000000086600000, 0x0000000086600000, 0x0000000086700000|  0%| F|  |TAMS 0x0000000086600000| PB 0x0000000086600000| Untracked 
| 103|0x0000000086700000, 0x0000000086700000, 0x0000000086800000|  0%| F|  |TAMS 0x0000000086700000| PB 0x0000000086700000| Untracked 
| 104|0x0000000086800000, 0x0000000086800000, 0x0000000086900000|  0%| F|  |TAMS 0x0000000086800000| PB 0x0000000086800000| Untracked 
| 105|0x0000000086900000, 0x0000000086900000, 0x0000000086a00000|  0%| F|  |TAMS 0x0000000086900000| PB 0x0000000086900000| Untracked 
| 106|0x0000000086a00000, 0x0000000086a00000, 0x0000000086b00000|  0%| F|  |TAMS 0x0000000086a00000| PB 0x0000000086a00000| Untracked 
| 107|0x0000000086b00000, 0x0000000086b00000, 0x0000000086c00000|  0%| F|  |TAMS 0x0000000086b00000| PB 0x0000000086b00000| Untracked 
| 108|0x0000000086c00000, 0x0000000086c00000, 0x0000000086d00000|  0%| F|  |TAMS 0x0000000086c00000| PB 0x0000000086c00000| Untracked 
| 109|0x0000000086d00000, 0x0000000086d00000, 0x0000000086e00000|  0%| F|  |TAMS 0x0000000086d00000| PB 0x0000000086d00000| Untracked 
| 110|0x0000000086e00000, 0x0000000086e00000, 0x0000000086f00000|  0%| F|  |TAMS 0x0000000086e00000| PB 0x0000000086e00000| Untracked 
| 111|0x0000000086f00000, 0x0000000086f00000, 0x0000000087000000|  0%| F|  |TAMS 0x0000000086f00000| PB 0x0000000086f00000| Untracked 
| 112|0x0000000087000000, 0x0000000087000000, 0x0000000087100000|  0%| F|  |TAMS 0x0000000087000000| PB 0x0000000087000000| Untracked 
| 113|0x0000000087100000, 0x0000000087100000, 0x0000000087200000|  0%| F|  |TAMS 0x0000000087100000| PB 0x0000000087100000| Untracked 
| 114|0x0000000087200000, 0x0000000087200000, 0x0000000087300000|  0%| F|  |TAMS 0x0000000087200000| PB 0x0000000087200000| Untracked 
| 115|0x0000000087300000, 0x0000000087300000, 0x0000000087400000|  0%| F|  |TAMS 0x0000000087300000| PB 0x0000000087300000| Untracked 
| 116|0x0000000087400000, 0x0000000087400000, 0x0000000087500000|  0%| F|  |TAMS 0x0000000087400000| PB 0x0000000087400000| Untracked 
| 117|0x0000000087500000, 0x0000000087500000, 0x0000000087600000|  0%| F|  |TAMS 0x0000000087500000| PB 0x0000000087500000| Untracked 
| 118|0x0000000087600000, 0x0000000087600000, 0x0000000087700000|  0%| F|  |TAMS 0x0000000087600000| PB 0x0000000087600000| Untracked 
| 119|0x0000000087700000, 0x0000000087700000, 0x0000000087800000|  0%| F|  |TAMS 0x0000000087700000| PB 0x0000000087700000| Untracked 
| 120|0x0000000087800000, 0x0000000087800000, 0x0000000087900000|  0%| F|  |TAMS 0x0000000087800000| PB 0x0000000087800000| Untracked 
| 121|0x0000000087900000, 0x00000000879709c0, 0x0000000087a00000| 43%| S|CS|TAMS 0x0000000087900000| PB 0x0000000087900000| Complete 
| 122|0x0000000087a00000, 0x0000000087a00000, 0x0000000087b00000|  0%| F|  |TAMS 0x0000000087a00000| PB 0x0000000087a00000| Untracked 
| 123|0x0000000087b00000, 0x0000000087c00000, 0x0000000087c00000|100%| S|CS|TAMS 0x0000000087b00000| PB 0x0000000087b00000| Complete 
| 124|0x0000000087c00000, 0x0000000087d00000, 0x0000000087d00000|100%| S|CS|TAMS 0x0000000087c00000| PB 0x0000000087c00000| Complete 
| 125|0x0000000087d00000, 0x0000000087d00000, 0x0000000087e00000|  0%| F|  |TAMS 0x0000000087d00000| PB 0x0000000087d00000| Untracked 
| 126|0x0000000087e00000, 0x0000000087f00000, 0x0000000087f00000|100%| S|CS|TAMS 0x0000000087e00000| PB 0x0000000087e00000| Complete 
| 127|0x0000000087f00000, 0x0000000087f00000, 0x0000000088000000|  0%| F|  |TAMS 0x0000000087f00000| PB 0x0000000087f00000| Untracked 
| 128|0x0000000088000000, 0x0000000088100000, 0x0000000088100000|100%| S|CS|TAMS 0x0000000088000000| PB 0x0000000088000000| Complete 
| 129|0x0000000088100000, 0x0000000088200000, 0x0000000088200000|100%| S|CS|TAMS 0x0000000088100000| PB 0x0000000088100000| Complete 
| 130|0x0000000088200000, 0x0000000088200000, 0x0000000088300000|  0%| F|  |TAMS 0x0000000088200000| PB 0x0000000088200000| Untracked 
| 131|0x0000000088300000, 0x0000000088400000, 0x0000000088400000|100%| S|CS|TAMS 0x0000000088300000| PB 0x0000000088300000| Complete 
| 132|0x0000000088400000, 0x0000000088500000, 0x0000000088500000|100%| S|CS|TAMS 0x0000000088400000| PB 0x0000000088400000| Complete 
| 133|0x0000000088500000, 0x0000000088500000, 0x0000000088600000|  0%| F|  |TAMS 0x0000000088500000| PB 0x0000000088500000| Untracked 
| 134|0x0000000088600000, 0x0000000088600000, 0x0000000088700000|  0%| F|  |TAMS 0x0000000088600000| PB 0x0000000088600000| Untracked 
| 135|0x0000000088700000, 0x0000000088800000, 0x0000000088800000|100%| S|CS|TAMS 0x0000000088700000| PB 0x0000000088700000| Complete 
| 136|0x0000000088800000, 0x0000000088800000, 0x0000000088900000|  0%| F|  |TAMS 0x0000000088800000| PB 0x0000000088800000| Untracked 
| 137|0x0000000088900000, 0x0000000088900000, 0x0000000088a00000|  0%| F|  |TAMS 0x0000000088900000| PB 0x0000000088900000| Untracked 
| 138|0x0000000088a00000, 0x0000000088b00000, 0x0000000088b00000|100%| S|CS|TAMS 0x0000000088a00000| PB 0x0000000088a00000| Complete 
| 139|0x0000000088b00000, 0x0000000088b00000, 0x0000000088c00000|  0%| F|  |TAMS 0x0000000088b00000| PB 0x0000000088b00000| Untracked 
| 140|0x0000000088c00000, 0x0000000088d00000, 0x0000000088d00000|100%| S|CS|TAMS 0x0000000088c00000| PB 0x0000000088c00000| Complete 
| 141|0x0000000088d00000, 0x0000000088d00000, 0x0000000088e00000|  0%| F|  |TAMS 0x0000000088d00000| PB 0x0000000088d00000| Untracked 
| 142|0x0000000088e00000, 0x0000000088e00000, 0x0000000088f00000|  0%| F|  |TAMS 0x0000000088e00000| PB 0x0000000088e00000| Untracked 
| 143|0x0000000088f00000, 0x0000000089000000, 0x0000000089000000|100%| S|CS|TAMS 0x0000000088f00000| PB 0x0000000088f00000| Complete 
| 144|0x0000000089000000, 0x0000000089000000, 0x0000000089100000|  0%| F|  |TAMS 0x0000000089000000| PB 0x0000000089000000| Untracked 
| 145|0x0000000089100000, 0x0000000089100000, 0x0000000089200000|  0%| F|  |TAMS 0x0000000089100000| PB 0x0000000089100000| Untracked 
| 146|0x0000000089200000, 0x0000000089200000, 0x0000000089300000|  0%| F|  |TAMS 0x0000000089200000| PB 0x0000000089200000| Untracked 
| 147|0x0000000089300000, 0x0000000089300000, 0x0000000089400000|  0%| F|  |TAMS 0x0000000089300000| PB 0x0000000089300000| Untracked 
| 148|0x0000000089400000, 0x0000000089400000, 0x0000000089500000|  0%| F|  |TAMS 0x0000000089400000| PB 0x0000000089400000| Untracked 
| 149|0x0000000089500000, 0x0000000089500000, 0x0000000089600000|  0%| F|  |TAMS 0x0000000089500000| PB 0x0000000089500000| Untracked 
| 150|0x0000000089600000, 0x0000000089600000, 0x0000000089700000|  0%| F|  |TAMS 0x0000000089600000| PB 0x0000000089600000| Untracked 
| 151|0x0000000089700000, 0x0000000089700000, 0x0000000089800000|  0%| F|  |TAMS 0x0000000089700000| PB 0x0000000089700000| Untracked 
| 152|0x0000000089800000, 0x0000000089800000, 0x0000000089900000|  0%| F|  |TAMS 0x0000000089800000| PB 0x0000000089800000| Untracked 
| 153|0x0000000089900000, 0x0000000089900000, 0x0000000089a00000|  0%| F|  |TAMS 0x0000000089900000| PB 0x0000000089900000| Untracked 
| 154|0x0000000089a00000, 0x0000000089a00000, 0x0000000089b00000|  0%| F|  |TAMS 0x0000000089a00000| PB 0x0000000089a00000| Untracked 
| 155|0x0000000089b00000, 0x0000000089b00000, 0x0000000089c00000|  0%| F|  |TAMS 0x0000000089b00000| PB 0x0000000089b00000| Untracked 
| 156|0x0000000089c00000, 0x0000000089c00000, 0x0000000089d00000|  0%| F|  |TAMS 0x0000000089c00000| PB 0x0000000089c00000| Untracked 
| 157|0x0000000089d00000, 0x0000000089d00000, 0x0000000089e00000|  0%| F|  |TAMS 0x0000000089d00000| PB 0x0000000089d00000| Untracked 
| 158|0x0000000089e00000, 0x0000000089e00000, 0x0000000089f00000|  0%| F|  |TAMS 0x0000000089e00000| PB 0x0000000089e00000| Untracked 
| 159|0x0000000089f00000, 0x0000000089f00000, 0x000000008a000000|  0%| F|  |TAMS 0x0000000089f00000| PB 0x0000000089f00000| Untracked 
| 160|0x000000008a000000, 0x000000008a000000, 0x000000008a100000|  0%| F|  |TAMS 0x000000008a000000| PB 0x000000008a000000| Untracked 
| 161|0x000000008a100000, 0x000000008a100000, 0x000000008a200000|  0%| F|  |TAMS 0x000000008a100000| PB 0x000000008a100000| Untracked 
| 162|0x000000008a200000, 0x000000008a200000, 0x000000008a300000|  0%| F|  |TAMS 0x000000008a200000| PB 0x000000008a200000| Untracked 
| 163|0x000000008a300000, 0x000000008a300000, 0x000000008a400000|  0%| F|  |TAMS 0x000000008a300000| PB 0x000000008a300000| Untracked 
| 164|0x000000008a400000, 0x000000008a400000, 0x000000008a500000|  0%| F|  |TAMS 0x000000008a400000| PB 0x000000008a400000| Untracked 
| 165|0x000000008a500000, 0x000000008a500000, 0x000000008a600000|  0%| F|  |TAMS 0x000000008a500000| PB 0x000000008a500000| Untracked 
| 166|0x000000008a600000, 0x000000008a600000, 0x000000008a700000|  0%| F|  |TAMS 0x000000008a600000| PB 0x000000008a600000| Untracked 
| 167|0x000000008a700000, 0x000000008a700000, 0x000000008a800000|  0%| F|  |TAMS 0x000000008a700000| PB 0x000000008a700000| Untracked 
| 168|0x000000008a800000, 0x000000008a800000, 0x000000008a900000|  0%| F|  |TAMS 0x000000008a800000| PB 0x000000008a800000| Untracked 
| 169|0x000000008a900000, 0x000000008a900000, 0x000000008aa00000|  0%| F|  |TAMS 0x000000008a900000| PB 0x000000008a900000| Untracked 
| 170|0x000000008aa00000, 0x000000008aa00000, 0x000000008ab00000|  0%| F|  |TAMS 0x000000008aa00000| PB 0x000000008aa00000| Untracked 
| 171|0x000000008ab00000, 0x000000008ab00000, 0x000000008ac00000|  0%| F|  |TAMS 0x000000008ab00000| PB 0x000000008ab00000| Untracked 
| 172|0x000000008ac00000, 0x000000008ac00000, 0x000000008ad00000|  0%| F|  |TAMS 0x000000008ac00000| PB 0x000000008ac00000| Untracked 
| 173|0x000000008ad00000, 0x000000008ad00000, 0x000000008ae00000|  0%| F|  |TAMS 0x000000008ad00000| PB 0x000000008ad00000| Untracked 
| 174|0x000000008ae00000, 0x000000008ae00000, 0x000000008af00000|  0%| F|  |TAMS 0x000000008ae00000| PB 0x000000008ae00000| Untracked 
| 175|0x000000008af00000, 0x000000008af00000, 0x000000008b000000|  0%| F|  |TAMS 0x000000008af00000| PB 0x000000008af00000| Untracked 
| 176|0x000000008b000000, 0x000000008b000000, 0x000000008b100000|  0%| F|  |TAMS 0x000000008b000000| PB 0x000000008b000000| Untracked 
| 177|0x000000008b100000, 0x000000008b100000, 0x000000008b200000|  0%| F|  |TAMS 0x000000008b100000| PB 0x000000008b100000| Untracked 
| 178|0x000000008b200000, 0x000000008b200000, 0x000000008b300000|  0%| F|  |TAMS 0x000000008b200000| PB 0x000000008b200000| Untracked 
| 179|0x000000008b300000, 0x000000008b300000, 0x000000008b400000|  0%| F|  |TAMS 0x000000008b300000| PB 0x000000008b300000| Untracked 
| 180|0x000000008b400000, 0x000000008b400000, 0x000000008b500000|  0%| F|  |TAMS 0x000000008b400000| PB 0x000000008b400000| Untracked 
| 181|0x000000008b500000, 0x000000008b500000, 0x000000008b600000|  0%| F|  |TAMS 0x000000008b500000| PB 0x000000008b500000| Untracked 
| 182|0x000000008b600000, 0x000000008b600000, 0x000000008b700000|  0%| F|  |TAMS 0x000000008b600000| PB 0x000000008b600000| Untracked 
| 183|0x000000008b700000, 0x000000008b700000, 0x000000008b800000|  0%| F|  |TAMS 0x000000008b700000| PB 0x000000008b700000| Untracked 
| 184|0x000000008b800000, 0x000000008b800000, 0x000000008b900000|  0%| F|  |TAMS 0x000000008b800000| PB 0x000000008b800000| Untracked 
| 185|0x000000008b900000, 0x000000008b900000, 0x000000008ba00000|  0%| F|  |TAMS 0x000000008b900000| PB 0x000000008b900000| Untracked 
| 186|0x000000008ba00000, 0x000000008ba00000, 0x000000008bb00000|  0%| F|  |TAMS 0x000000008ba00000| PB 0x000000008ba00000| Untracked 
| 187|0x000000008bb00000, 0x000000008bb00000, 0x000000008bc00000|  0%| F|  |TAMS 0x000000008bb00000| PB 0x000000008bb00000| Untracked 
| 188|0x000000008bc00000, 0x000000008bc00000, 0x000000008bd00000|  0%| F|  |TAMS 0x000000008bc00000| PB 0x000000008bc00000| Untracked 
| 189|0x000000008bd00000, 0x000000008bd00000, 0x000000008be00000|  0%| F|  |TAMS 0x000000008bd00000| PB 0x000000008bd00000| Untracked 
| 190|0x000000008be00000, 0x000000008be00000, 0x000000008bf00000|  0%| F|  |TAMS 0x000000008be00000| PB 0x000000008be00000| Untracked 
| 191|0x000000008bf00000, 0x000000008bf00000, 0x000000008c000000|  0%| F|  |TAMS 0x000000008bf00000| PB 0x000000008bf00000| Untracked 
| 192|0x000000008c000000, 0x000000008c000000, 0x000000008c100000|  0%| F|  |TAMS 0x000000008c000000| PB 0x000000008c000000| Untracked 
| 193|0x000000008c100000, 0x000000008c100000, 0x000000008c200000|  0%| F|  |TAMS 0x000000008c100000| PB 0x000000008c100000| Untracked 
| 194|0x000000008c200000, 0x000000008c200000, 0x000000008c300000|  0%| F|  |TAMS 0x000000008c200000| PB 0x000000008c200000| Untracked 
| 195|0x000000008c300000, 0x000000008c300000, 0x000000008c400000|  0%| F|  |TAMS 0x000000008c300000| PB 0x000000008c300000| Untracked 
| 196|0x000000008c400000, 0x000000008c400000, 0x000000008c500000|  0%| F|  |TAMS 0x000000008c400000| PB 0x000000008c400000| Untracked 
| 197|0x000000008c500000, 0x000000008c500000, 0x000000008c600000|  0%| F|  |TAMS 0x000000008c500000| PB 0x000000008c500000| Untracked 
| 198|0x000000008c600000, 0x000000008c600000, 0x000000008c700000|  0%| F|  |TAMS 0x000000008c600000| PB 0x000000008c600000| Untracked 
| 199|0x000000008c700000, 0x000000008c700000, 0x000000008c800000|  0%| F|  |TAMS 0x000000008c700000| PB 0x000000008c700000| Untracked 
| 200|0x000000008c800000, 0x000000008c800000, 0x000000008c900000|  0%| F|  |TAMS 0x000000008c800000| PB 0x000000008c800000| Untracked 
| 201|0x000000008c900000, 0x000000008c900000, 0x000000008ca00000|  0%| F|  |TAMS 0x000000008c900000| PB 0x000000008c900000| Untracked 
| 202|0x000000008ca00000, 0x000000008ca00000, 0x000000008cb00000|  0%| F|  |TAMS 0x000000008ca00000| PB 0x000000008ca00000| Untracked 
| 203|0x000000008cb00000, 0x000000008cb00000, 0x000000008cc00000|  0%| F|  |TAMS 0x000000008cb00000| PB 0x000000008cb00000| Untracked 
| 204|0x000000008cc00000, 0x000000008cc00000, 0x000000008cd00000|  0%| F|  |TAMS 0x000000008cc00000| PB 0x000000008cc00000| Untracked 
| 205|0x000000008cd00000, 0x000000008cd00000, 0x000000008ce00000|  0%| F|  |TAMS 0x000000008cd00000| PB 0x000000008cd00000| Untracked 
| 206|0x000000008ce00000, 0x000000008ce00000, 0x000000008cf00000|  0%| F|  |TAMS 0x000000008ce00000| PB 0x000000008ce00000| Untracked 
| 207|0x000000008cf00000, 0x000000008cf00000, 0x000000008d000000|  0%| F|  |TAMS 0x000000008cf00000| PB 0x000000008cf00000| Untracked 
| 208|0x000000008d000000, 0x000000008d000000, 0x000000008d100000|  0%| F|  |TAMS 0x000000008d000000| PB 0x000000008d000000| Untracked 
| 209|0x000000008d100000, 0x000000008d100000, 0x000000008d200000|  0%| F|  |TAMS 0x000000008d100000| PB 0x000000008d100000| Untracked 
| 210|0x000000008d200000, 0x000000008d200000, 0x000000008d300000|  0%| F|  |TAMS 0x000000008d200000| PB 0x000000008d200000| Untracked 
| 211|0x000000008d300000, 0x000000008d300000, 0x000000008d400000|  0%| F|  |TAMS 0x000000008d300000| PB 0x000000008d300000| Untracked 
| 212|0x000000008d400000, 0x000000008d400000, 0x000000008d500000|  0%| F|  |TAMS 0x000000008d400000| PB 0x000000008d400000| Untracked 
| 213|0x000000008d500000, 0x000000008d500000, 0x000000008d600000|  0%| F|  |TAMS 0x000000008d500000| PB 0x000000008d500000| Untracked 
| 214|0x000000008d600000, 0x000000008d600000, 0x000000008d700000|  0%| F|  |TAMS 0x000000008d600000| PB 0x000000008d600000| Untracked 
| 215|0x000000008d700000, 0x000000008d700000, 0x000000008d800000|  0%| F|  |TAMS 0x000000008d700000| PB 0x000000008d700000| Untracked 
| 216|0x000000008d800000, 0x000000008d800000, 0x000000008d900000|  0%| F|  |TAMS 0x000000008d800000| PB 0x000000008d800000| Untracked 
| 217|0x000000008d900000, 0x000000008d900000, 0x000000008da00000|  0%| F|  |TAMS 0x000000008d900000| PB 0x000000008d900000| Untracked 
| 218|0x000000008da00000, 0x000000008da00000, 0x000000008db00000|  0%| F|  |TAMS 0x000000008da00000| PB 0x000000008da00000| Untracked 
| 219|0x000000008db00000, 0x000000008db00000, 0x000000008dc00000|  0%| F|  |TAMS 0x000000008db00000| PB 0x000000008db00000| Untracked 
| 220|0x000000008dc00000, 0x000000008dc00000, 0x000000008dd00000|  0%| F|  |TAMS 0x000000008dc00000| PB 0x000000008dc00000| Untracked 
| 221|0x000000008dd00000, 0x000000008dd00000, 0x000000008de00000|  0%| F|  |TAMS 0x000000008dd00000| PB 0x000000008dd00000| Untracked 
| 222|0x000000008de00000, 0x000000008de00000, 0x000000008df00000|  0%| F|  |TAMS 0x000000008de00000| PB 0x000000008de00000| Untracked 
| 223|0x000000008df00000, 0x000000008df00000, 0x000000008e000000|  0%| F|  |TAMS 0x000000008df00000| PB 0x000000008df00000| Untracked 
| 224|0x000000008e000000, 0x000000008e000000, 0x000000008e100000|  0%| F|  |TAMS 0x000000008e000000| PB 0x000000008e000000| Untracked 
| 225|0x000000008e100000, 0x000000008e100000, 0x000000008e200000|  0%| F|  |TAMS 0x000000008e100000| PB 0x000000008e100000| Untracked 
| 226|0x000000008e200000, 0x000000008e200000, 0x000000008e300000|  0%| F|  |TAMS 0x000000008e200000| PB 0x000000008e200000| Untracked 
| 227|0x000000008e300000, 0x000000008e300000, 0x000000008e400000|  0%| F|  |TAMS 0x000000008e300000| PB 0x000000008e300000| Untracked 
| 228|0x000000008e400000, 0x000000008e400000, 0x000000008e500000|  0%| F|  |TAMS 0x000000008e400000| PB 0x000000008e400000| Untracked 
| 229|0x000000008e500000, 0x000000008e500000, 0x000000008e600000|  0%| F|  |TAMS 0x000000008e500000| PB 0x000000008e500000| Untracked 
| 230|0x000000008e600000, 0x000000008e600000, 0x000000008e700000|  0%| F|  |TAMS 0x000000008e600000| PB 0x000000008e600000| Untracked 
| 231|0x000000008e700000, 0x000000008e700000, 0x000000008e800000|  0%| F|  |TAMS 0x000000008e700000| PB 0x000000008e700000| Untracked 
| 232|0x000000008e800000, 0x000000008e800000, 0x000000008e900000|  0%| F|  |TAMS 0x000000008e800000| PB 0x000000008e800000| Untracked 
| 233|0x000000008e900000, 0x000000008e900000, 0x000000008ea00000|  0%| F|  |TAMS 0x000000008e900000| PB 0x000000008e900000| Untracked 
| 234|0x000000008ea00000, 0x000000008ea00000, 0x000000008eb00000|  0%| F|  |TAMS 0x000000008ea00000| PB 0x000000008ea00000| Untracked 
| 235|0x000000008eb00000, 0x000000008eb00000, 0x000000008ec00000|  0%| F|  |TAMS 0x000000008eb00000| PB 0x000000008eb00000| Untracked 
| 236|0x000000008ec00000, 0x000000008ec00000, 0x000000008ed00000|  0%| F|  |TAMS 0x000000008ec00000| PB 0x000000008ec00000| Untracked 
| 237|0x000000008ed00000, 0x000000008ed00000, 0x000000008ee00000|  0%| F|  |TAMS 0x000000008ed00000| PB 0x000000008ed00000| Untracked 
| 238|0x000000008ee00000, 0x000000008ee00000, 0x000000008ef00000|  0%| F|  |TAMS 0x000000008ee00000| PB 0x000000008ee00000| Untracked 
| 239|0x000000008ef00000, 0x000000008ef00000, 0x000000008f000000|  0%| F|  |TAMS 0x000000008ef00000| PB 0x000000008ef00000| Untracked 
| 240|0x000000008f000000, 0x000000008f000000, 0x000000008f100000|  0%| F|  |TAMS 0x000000008f000000| PB 0x000000008f000000| Untracked 
| 241|0x000000008f100000, 0x000000008f100000, 0x000000008f200000|  0%| F|  |TAMS 0x000000008f100000| PB 0x000000008f100000| Untracked 
| 242|0x000000008f200000, 0x000000008f200000, 0x000000008f300000|  0%| F|  |TAMS 0x000000008f200000| PB 0x000000008f200000| Untracked 
| 243|0x000000008f300000, 0x000000008f300000, 0x000000008f400000|  0%| F|  |TAMS 0x000000008f300000| PB 0x000000008f300000| Untracked 
| 244|0x000000008f400000, 0x000000008f400000, 0x000000008f500000|  0%| F|  |TAMS 0x000000008f400000| PB 0x000000008f400000| Untracked 
| 245|0x000000008f500000, 0x000000008f500000, 0x000000008f600000|  0%| F|  |TAMS 0x000000008f500000| PB 0x000000008f500000| Untracked 
| 246|0x000000008f600000, 0x000000008f600000, 0x000000008f700000|  0%| F|  |TAMS 0x000000008f600000| PB 0x000000008f600000| Untracked 
| 247|0x000000008f700000, 0x000000008f700000, 0x000000008f800000|  0%| F|  |TAMS 0x000000008f700000| PB 0x000000008f700000| Untracked 
| 248|0x000000008f800000, 0x000000008f800000, 0x000000008f900000|  0%| F|  |TAMS 0x000000008f800000| PB 0x000000008f800000| Untracked 
| 249|0x000000008f900000, 0x000000008f900000, 0x000000008fa00000|  0%| F|  |TAMS 0x000000008f900000| PB 0x000000008f900000| Untracked 
| 250|0x000000008fa00000, 0x000000008fa00000, 0x000000008fb00000|  0%| F|  |TAMS 0x000000008fa00000| PB 0x000000008fa00000| Untracked 
| 251|0x000000008fb00000, 0x000000008fb00000, 0x000000008fc00000|  0%| F|  |TAMS 0x000000008fb00000| PB 0x000000008fb00000| Untracked 
| 252|0x000000008fc00000, 0x000000008fc00000, 0x000000008fd00000|  0%| F|  |TAMS 0x000000008fc00000| PB 0x000000008fc00000| Untracked 
| 253|0x000000008fd00000, 0x000000008fd00000, 0x000000008fe00000|  0%| F|  |TAMS 0x000000008fd00000| PB 0x000000008fd00000| Untracked 
| 254|0x000000008fe00000, 0x000000008fe00000, 0x000000008ff00000|  0%| F|  |TAMS 0x000000008fe00000| PB 0x000000008fe00000| Untracked 
| 255|0x000000008ff00000, 0x000000008ff00000, 0x0000000090000000|  0%| F|  |TAMS 0x000000008ff00000| PB 0x000000008ff00000| Untracked 
| 256|0x0000000090000000, 0x0000000090000000, 0x0000000090100000|  0%| F|  |TAMS 0x0000000090000000| PB 0x0000000090000000| Untracked 
| 257|0x0000000090100000, 0x0000000090100000, 0x0000000090200000|  0%| F|  |TAMS 0x0000000090100000| PB 0x0000000090100000| Untracked 
| 258|0x0000000090200000, 0x0000000090200000, 0x0000000090300000|  0%| F|  |TAMS 0x0000000090200000| PB 0x0000000090200000| Untracked 
| 259|0x0000000090300000, 0x0000000090300000, 0x0000000090400000|  0%| F|  |TAMS 0x0000000090300000| PB 0x0000000090300000| Untracked 
| 260|0x0000000090400000, 0x0000000090400000, 0x0000000090500000|  0%| F|  |TAMS 0x0000000090400000| PB 0x0000000090400000| Untracked 
| 261|0x0000000090500000, 0x0000000090500000, 0x0000000090600000|  0%| F|  |TAMS 0x0000000090500000| PB 0x0000000090500000| Untracked 
| 262|0x0000000090600000, 0x0000000090600000, 0x0000000090700000|  0%| F|  |TAMS 0x0000000090600000| PB 0x0000000090600000| Untracked 
| 263|0x0000000090700000, 0x0000000090700000, 0x0000000090800000|  0%| F|  |TAMS 0x0000000090700000| PB 0x0000000090700000| Untracked 
| 264|0x0000000090800000, 0x0000000090800000, 0x0000000090900000|  0%| F|  |TAMS 0x0000000090800000| PB 0x0000000090800000| Untracked 
| 265|0x0000000090900000, 0x0000000090900000, 0x0000000090a00000|  0%| F|  |TAMS 0x0000000090900000| PB 0x0000000090900000| Untracked 
| 266|0x0000000090a00000, 0x0000000090a00000, 0x0000000090b00000|  0%| F|  |TAMS 0x0000000090a00000| PB 0x0000000090a00000| Untracked 
| 267|0x0000000090b00000, 0x0000000090b00000, 0x0000000090c00000|  0%| F|  |TAMS 0x0000000090b00000| PB 0x0000000090b00000| Untracked 
| 268|0x0000000090c00000, 0x0000000090c00000, 0x0000000090d00000|  0%| F|  |TAMS 0x0000000090c00000| PB 0x0000000090c00000| Untracked 
| 269|0x0000000090d00000, 0x0000000090d00000, 0x0000000090e00000|  0%| F|  |TAMS 0x0000000090d00000| PB 0x0000000090d00000| Untracked 
| 270|0x0000000090e00000, 0x0000000090e00000, 0x0000000090f00000|  0%| F|  |TAMS 0x0000000090e00000| PB 0x0000000090e00000| Untracked 
| 271|0x0000000090f00000, 0x0000000090f00000, 0x0000000091000000|  0%| F|  |TAMS 0x0000000090f00000| PB 0x0000000090f00000| Untracked 
| 272|0x0000000091000000, 0x0000000091000000, 0x0000000091100000|  0%| F|  |TAMS 0x0000000091000000| PB 0x0000000091000000| Untracked 
| 273|0x0000000091100000, 0x0000000091100000, 0x0000000091200000|  0%| F|  |TAMS 0x0000000091100000| PB 0x0000000091100000| Untracked 
| 274|0x0000000091200000, 0x0000000091200000, 0x0000000091300000|  0%| F|  |TAMS 0x0000000091200000| PB 0x0000000091200000| Untracked 
| 275|0x0000000091300000, 0x0000000091300000, 0x0000000091400000|  0%| F|  |TAMS 0x0000000091300000| PB 0x0000000091300000| Untracked 
| 276|0x0000000091400000, 0x0000000091400000, 0x0000000091500000|  0%| F|  |TAMS 0x0000000091400000| PB 0x0000000091400000| Untracked 
| 277|0x0000000091500000, 0x0000000091500000, 0x0000000091600000|  0%| F|  |TAMS 0x0000000091500000| PB 0x0000000091500000| Untracked 
| 278|0x0000000091600000, 0x0000000091600000, 0x0000000091700000|  0%| F|  |TAMS 0x0000000091600000| PB 0x0000000091600000| Untracked 
| 279|0x0000000091700000, 0x0000000091700000, 0x0000000091800000|  0%| F|  |TAMS 0x0000000091700000| PB 0x0000000091700000| Untracked 
| 280|0x0000000091800000, 0x0000000091800000, 0x0000000091900000|  0%| F|  |TAMS 0x0000000091800000| PB 0x0000000091800000| Untracked 
| 281|0x0000000091900000, 0x0000000091900000, 0x0000000091a00000|  0%| F|  |TAMS 0x0000000091900000| PB 0x0000000091900000| Untracked 
| 282|0x0000000091a00000, 0x0000000091a00000, 0x0000000091b00000|  0%| F|  |TAMS 0x0000000091a00000| PB 0x0000000091a00000| Untracked 
| 283|0x0000000091b00000, 0x0000000091b00000, 0x0000000091c00000|  0%| F|  |TAMS 0x0000000091b00000| PB 0x0000000091b00000| Untracked 
| 284|0x0000000091c00000, 0x0000000091c00000, 0x0000000091d00000|  0%| F|  |TAMS 0x0000000091c00000| PB 0x0000000091c00000| Untracked 
| 285|0x0000000091d00000, 0x0000000091d00000, 0x0000000091e00000|  0%| F|  |TAMS 0x0000000091d00000| PB 0x0000000091d00000| Untracked 
| 286|0x0000000091e00000, 0x0000000091e00000, 0x0000000091f00000|  0%| F|  |TAMS 0x0000000091e00000| PB 0x0000000091e00000| Untracked 
| 287|0x0000000091f00000, 0x0000000091f00000, 0x0000000092000000|  0%| F|  |TAMS 0x0000000091f00000| PB 0x0000000091f00000| Untracked 
| 288|0x0000000092000000, 0x0000000092000000, 0x0000000092100000|  0%| F|  |TAMS 0x0000000092000000| PB 0x0000000092000000| Untracked 
| 289|0x0000000092100000, 0x0000000092100000, 0x0000000092200000|  0%| F|  |TAMS 0x0000000092100000| PB 0x0000000092100000| Untracked 
| 290|0x0000000092200000, 0x0000000092200000, 0x0000000092300000|  0%| F|  |TAMS 0x0000000092200000| PB 0x0000000092200000| Untracked 
| 291|0x0000000092300000, 0x0000000092300000, 0x0000000092400000|  0%| F|  |TAMS 0x0000000092300000| PB 0x0000000092300000| Untracked 
| 292|0x0000000092400000, 0x0000000092400000, 0x0000000092500000|  0%| F|  |TAMS 0x0000000092400000| PB 0x0000000092400000| Untracked 
| 293|0x0000000092500000, 0x0000000092500000, 0x0000000092600000|  0%| F|  |TAMS 0x0000000092500000| PB 0x0000000092500000| Untracked 
| 294|0x0000000092600000, 0x0000000092600000, 0x0000000092700000|  0%| F|  |TAMS 0x0000000092600000| PB 0x0000000092600000| Untracked 
| 295|0x0000000092700000, 0x0000000092700000, 0x0000000092800000|  0%| F|  |TAMS 0x0000000092700000| PB 0x0000000092700000| Untracked 
| 296|0x0000000092800000, 0x0000000092800000, 0x0000000092900000|  0%| F|  |TAMS 0x0000000092800000| PB 0x0000000092800000| Untracked 
| 297|0x0000000092900000, 0x0000000092900000, 0x0000000092a00000|  0%| F|  |TAMS 0x0000000092900000| PB 0x0000000092900000| Untracked 
| 298|0x0000000092a00000, 0x0000000092a00000, 0x0000000092b00000|  0%| F|  |TAMS 0x0000000092a00000| PB 0x0000000092a00000| Untracked 
| 299|0x0000000092b00000, 0x0000000092b00000, 0x0000000092c00000|  0%| F|  |TAMS 0x0000000092b00000| PB 0x0000000092b00000| Untracked 
| 300|0x0000000092c00000, 0x0000000092c00000, 0x0000000092d00000|  0%| F|  |TAMS 0x0000000092c00000| PB 0x0000000092c00000| Untracked 
| 301|0x0000000092d00000, 0x0000000092d00000, 0x0000000092e00000|  0%| F|  |TAMS 0x0000000092d00000| PB 0x0000000092d00000| Untracked 
| 302|0x0000000092e00000, 0x0000000092e00000, 0x0000000092f00000|  0%| F|  |TAMS 0x0000000092e00000| PB 0x0000000092e00000| Untracked 
| 303|0x0000000092f00000, 0x0000000092f00000, 0x0000000093000000|  0%| F|  |TAMS 0x0000000092f00000| PB 0x0000000092f00000| Untracked 
| 304|0x0000000093000000, 0x0000000093000000, 0x0000000093100000|  0%| F|  |TAMS 0x0000000093000000| PB 0x0000000093000000| Untracked 
| 305|0x0000000093100000, 0x0000000093100000, 0x0000000093200000|  0%| F|  |TAMS 0x0000000093100000| PB 0x0000000093100000| Untracked 
| 306|0x0000000093200000, 0x0000000093200000, 0x0000000093300000|  0%| F|  |TAMS 0x0000000093200000| PB 0x0000000093200000| Untracked 
| 307|0x0000000093300000, 0x0000000093300000, 0x0000000093400000|  0%| F|  |TAMS 0x0000000093300000| PB 0x0000000093300000| Untracked 
| 308|0x0000000093400000, 0x0000000093400000, 0x0000000093500000|  0%| F|  |TAMS 0x0000000093400000| PB 0x0000000093400000| Untracked 
| 309|0x0000000093500000, 0x0000000093500000, 0x0000000093600000|  0%| F|  |TAMS 0x0000000093500000| PB 0x0000000093500000| Untracked 
| 310|0x0000000093600000, 0x0000000093600000, 0x0000000093700000|  0%| F|  |TAMS 0x0000000093600000| PB 0x0000000093600000| Untracked 
| 311|0x0000000093700000, 0x0000000093700000, 0x0000000093800000|  0%| F|  |TAMS 0x0000000093700000| PB 0x0000000093700000| Untracked 
| 312|0x0000000093800000, 0x0000000093800000, 0x0000000093900000|  0%| F|  |TAMS 0x0000000093800000| PB 0x0000000093800000| Untracked 
| 313|0x0000000093900000, 0x0000000093900000, 0x0000000093a00000|  0%| F|  |TAMS 0x0000000093900000| PB 0x0000000093900000| Untracked 
| 314|0x0000000093a00000, 0x0000000093a00000, 0x0000000093b00000|  0%| F|  |TAMS 0x0000000093a00000| PB 0x0000000093a00000| Untracked 
| 315|0x0000000093b00000, 0x0000000093b00000, 0x0000000093c00000|  0%| F|  |TAMS 0x0000000093b00000| PB 0x0000000093b00000| Untracked 
| 316|0x0000000093c00000, 0x0000000093c00000, 0x0000000093d00000|  0%| F|  |TAMS 0x0000000093c00000| PB 0x0000000093c00000| Untracked 
| 317|0x0000000093d00000, 0x0000000093d00000, 0x0000000093e00000|  0%| F|  |TAMS 0x0000000093d00000| PB 0x0000000093d00000| Untracked 
| 318|0x0000000093e00000, 0x0000000093e00000, 0x0000000093f00000|  0%| F|  |TAMS 0x0000000093e00000| PB 0x0000000093e00000| Untracked 
| 319|0x0000000093f00000, 0x0000000093f00000, 0x0000000094000000|  0%| F|  |TAMS 0x0000000093f00000| PB 0x0000000093f00000| Untracked 
| 320|0x0000000094000000, 0x0000000094000000, 0x0000000094100000|  0%| F|  |TAMS 0x0000000094000000| PB 0x0000000094000000| Untracked 
| 321|0x0000000094100000, 0x0000000094100000, 0x0000000094200000|  0%| F|  |TAMS 0x0000000094100000| PB 0x0000000094100000| Untracked 
| 322|0x0000000094200000, 0x0000000094200000, 0x0000000094300000|  0%| F|  |TAMS 0x0000000094200000| PB 0x0000000094200000| Untracked 
| 323|0x0000000094300000, 0x0000000094300000, 0x0000000094400000|  0%| F|  |TAMS 0x0000000094300000| PB 0x0000000094300000| Untracked 
| 324|0x0000000094400000, 0x0000000094400000, 0x0000000094500000|  0%| F|  |TAMS 0x0000000094400000| PB 0x0000000094400000| Untracked 
| 325|0x0000000094500000, 0x0000000094500000, 0x0000000094600000|  0%| F|  |TAMS 0x0000000094500000| PB 0x0000000094500000| Untracked 
| 326|0x0000000094600000, 0x0000000094600000, 0x0000000094700000|  0%| F|  |TAMS 0x0000000094600000| PB 0x0000000094600000| Untracked 
| 327|0x0000000094700000, 0x0000000094700000, 0x0000000094800000|  0%| F|  |TAMS 0x0000000094700000| PB 0x0000000094700000| Untracked 
| 328|0x0000000094800000, 0x0000000094800000, 0x0000000094900000|  0%| F|  |TAMS 0x0000000094800000| PB 0x0000000094800000| Untracked 
| 329|0x0000000094900000, 0x0000000094900000, 0x0000000094a00000|  0%| F|  |TAMS 0x0000000094900000| PB 0x0000000094900000| Untracked 
| 330|0x0000000094a00000, 0x0000000094a00000, 0x0000000094b00000|  0%| F|  |TAMS 0x0000000094a00000| PB 0x0000000094a00000| Untracked 
|2047|0x00000000fff00000, 0x00000000fff00000, 0x0000000100000000|  0%| F|  |TAMS 0x00000000fff00000| PB 0x00000000fff00000| Untracked 

Card table byte_map: [0x00000240d79c0000,0x00000240d7dc0000] _byte_map_base: 0x00000240d75c0000

Marking Bits: (CMBitMap*) 0x00000240bfeed2b0
 Bits: [0x00000240d7dc0000, 0x00000240d9dc0000)

Polling page: 0x00000240bde90000

Metaspace:

Usage:
  Non-class:     40.65 MB used.
      Class:      6.77 MB used.
       Both:     47.41 MB used.

Virtual space:
  Non-class space:       64.00 MB reserved,      41.50 MB ( 65%) committed,  1 nodes.
      Class space:      416.00 MB reserved,       7.50 MB (  2%) committed,  1 nodes.
             Both:      480.00 MB reserved,      49.00 MB ( 10%) committed. 

Chunk freelists:
   Non-Class:  6.42 MB
       Class:  8.50 MB
        Both:  14.93 MB

MaxMetaspaceSize: 512.00 MB
CompressedClassSpaceSize: 416.00 MB
Initial GC threshold: 21.00 MB
Current GC threshold: 81.56 MB
CDS: on
 - commit_granule_bytes: 65536.
 - commit_granule_words: 8192.
 - virtual_space_node_default_size: 8388608.
 - enlarge_chunks_in_place: 1.
 - use_allocation_guard: 0.


Internal statistics:

num_allocs_failed_limit: 6.
num_arena_births: 2862.
num_arena_deaths: 2.
num_vsnodes_births: 2.
num_vsnodes_deaths: 0.
num_space_committed: 784.
num_space_uncommitted: 0.
num_chunks_returned_to_freelist: 9.
num_chunks_taken_from_freelist: 5074.
num_chunk_merges: 3.
num_chunk_splits: 3349.
num_chunks_enlarged: 2130.
num_inconsistent_stats: 0.

CodeHeap 'non-profiled nmethods': size=120000Kb used=4905Kb max_used=4905Kb free=115094Kb
 bounds [0x00000240d0090000, 0x00000240d0560000, 0x00000240d75c0000]
CodeHeap 'profiled nmethods': size=120000Kb used=10406Kb max_used=10406Kb free=109594Kb
 bounds [0x00000240c85c0000, 0x00000240c9040000, 0x00000240cfaf0000]
CodeHeap 'non-nmethods': size=5760Kb used=1871Kb max_used=1953Kb free=3888Kb
 bounds [0x00000240cfaf0000, 0x00000240cfd60000, 0x00000240d0090000]
CodeCache: size=245760Kb, used=17182Kb, max_used=17264Kb, free=228576Kb
 total_blobs=6351, nmethods=5603, adapters=653, full_count=0
Compilation: enabled, stopped_count=0, restarted_count=0

Compilation events (20 events):
Event: 65.034 Thread 0x00000240dc25ad30 nmethod 6760 0x00000240d0555310 code [0x00000240d0555520, 0x00000240d05559f0]
Event: 65.044 Thread 0x00000240dc2643b0 nmethod 6767 0x00000240c9025210 code [0x00000240c9025de0, 0x00000240c902ce10]
Event: 65.044 Thread 0x00000240dc2643b0 6768 %     3       org.objectweb.asm.ClassWriter::toByteArray @ 865 (1535 bytes)
Event: 65.054 Thread 0x00000240dc2643b0 nmethod 6768% 0x00000240c9030490 code [0x00000240c9030dc0, 0x00000240c9034b90]
Event: 65.073 Thread 0x00000240dc2643b0 6769       3       org.objectweb.asm.ClassWriter::toByteArray (1535 bytes)
Event: 65.082 Thread 0x00000240dc2643b0 nmethod 6769 0x00000240c9036b90 code [0x00000240c90374a0, 0x00000240c903afb0]
Event: 65.092 Thread 0x00000240dc25ad30 6770       4       org.objectweb.asm.signature.SignatureWriter::visitSuperclass (6 bytes)
Event: 65.093 Thread 0x00000240dc25ad30 nmethod 6770 0x00000240d0555f10 code [0x00000240d05560a0, 0x00000240d0556190]
Event: 65.282 Thread 0x00000240dc2643b0 6771       3       org.objectweb.asm.FieldVisitor::visitAnnotation (19 bytes)
Event: 65.283 Thread 0x00000240dc2643b0 nmethod 6771 0x00000240c8d6e310 code [0x00000240c8d6e4c0, 0x00000240c8d6e6f8]
Event: 65.515 Thread 0x00000240dc25ad30 6772       4       org.objectweb.asm.ClassReader::readParameterAnnotations (106 bytes)
Event: 65.552 Thread 0x00000240dc25ad30 nmethod 6772 0x00000240d0556290 code [0x00000240d05564e0, 0x00000240d0556ef8]
Event: 65.819 Thread 0x00000240dc25ad30 6773       4       org.objectweb.asm.ClassWriter::visitAnnotation (40 bytes)
Event: 65.839 Thread 0x00000240dc25ad30 nmethod 6773 0x00000240d0557910 code [0x00000240d0557b20, 0x00000240d0558690]
Event: 65.839 Thread 0x00000240dc25ad30 6774       4       org.objectweb.asm.commons.ClassRemapper::visitAnnotation (29 bytes)
Event: 65.852 Thread 0x00000240dc25ad30 nmethod 6774 0x00000240d0558a90 code [0x00000240d0558c60, 0x00000240d05591a8]
Event: 65.852 Thread 0x00000240dc25ad30 6775       4       org.objectweb.asm.ClassVisitor::visitSource (17 bytes)
Event: 65.858 Thread 0x00000240dc25ad30 nmethod 6775 0x00000240d0559590 code [0x00000240d0559760, 0x00000240d0559b70]
Event: 65.858 Thread 0x00000240dc25ad30 6776       4       org.objectweb.asm.ClassWriter::visitSource (39 bytes)
Event: 65.864 Thread 0x00000240dc25ad30 nmethod 6776 0x00000240d0559d90 code [0x00000240d0559f60, 0x00000240d055a330]

GC Heap History (20 events):
Event: 46.885 GC heap after
{Heap after GC invocations=53 (full 0):
 garbage-first heap   total 169984K, used 50100K [0x0000000080000000, 0x0000000100000000)
  region size 1024K, 7 young (7168K), 7 survivors (7168K)
 Metaspace       used 48519K, committed 50112K, reserved 491520K
  class space    used 6930K, committed 7680K, reserved 425984K
}
Event: 46.981 GC heap before
{Heap before GC invocations=53 (full 0):
 garbage-first heap   total 169984K, used 51124K [0x0000000080000000, 0x0000000100000000)
  region size 1024K, 8 young (8192K), 7 survivors (7168K)
 Metaspace       used 48519K, committed 50112K, reserved 491520K
  class space    used 6930K, committed 7680K, reserved 425984K
}
Event: 47.199 GC heap after
{Heap after GC invocations=54 (full 0):
 garbage-first heap   total 339968K, used 50923K [0x0000000080000000, 0x0000000100000000)
  region size 1024K, 1 young (1024K), 1 survivors (1024K)
 Metaspace       used 48519K, committed 50112K, reserved 491520K
  class space    used 6930K, committed 7680K, reserved 425984K
}
Event: 53.622 GC heap before
{Heap before GC invocations=54 (full 0):
 garbage-first heap   total 339968K, used 252651K [0x0000000080000000, 0x0000000100000000)
  region size 1024K, 199 young (203776K), 1 survivors (1024K)
 Metaspace       used 48536K, committed 50112K, reserved 491520K
  class space    used 6930K, committed 7680K, reserved 425984K
}
Event: 53.670 GC heap after
{Heap after GC invocations=55 (full 0):
 garbage-first heap   total 339968K, used 51242K [0x0000000080000000, 0x0000000100000000)
  region size 1024K, 2 young (2048K), 2 survivors (2048K)
 Metaspace       used 48536K, committed 50112K, reserved 491520K
  class space    used 6930K, committed 7680K, reserved 425984K
}
Event: 56.882 GC heap before
{Heap before GC invocations=55 (full 0):
 garbage-first heap   total 339968K, used 252970K [0x0000000080000000, 0x0000000100000000)
  region size 1024K, 199 young (203776K), 2 survivors (2048K)
 Metaspace       used 48539K, committed 50112K, reserved 491520K
  class space    used 6930K, committed 7680K, reserved 425984K
}
Event: 56.891 GC heap after
{Heap after GC invocations=56 (full 0):
 garbage-first heap   total 339968K, used 52713K [0x0000000080000000, 0x0000000100000000)
  region size 1024K, 3 young (3072K), 3 survivors (3072K)
 Metaspace       used 48539K, committed 50112K, reserved 491520K
  class space    used 6930K, committed 7680K, reserved 425984K
}
Event: 57.772 GC heap before
{Heap before GC invocations=56 (full 0):
 garbage-first heap   total 339968K, used 253417K [0x0000000080000000, 0x0000000100000000)
  region size 1024K, 199 young (203776K), 3 survivors (3072K)
 Metaspace       used 48540K, committed 50112K, reserved 491520K
  class space    used 6930K, committed 7680K, reserved 425984K
}
Event: 57.782 GC heap after
{Heap after GC invocations=57 (full 0):
 garbage-first heap   total 339968K, used 54668K [0x0000000080000000, 0x0000000100000000)
  region size 1024K, 5 young (5120K), 5 survivors (5120K)
 Metaspace       used 48540K, committed 50112K, reserved 491520K
  class space    used 6930K, committed 7680K, reserved 425984K
}
Event: 58.907 GC heap before
{Heap before GC invocations=57 (full 0):
 garbage-first heap   total 339968K, used 253324K [0x0000000080000000, 0x0000000100000000)
  region size 1024K, 199 young (203776K), 5 survivors (5120K)
 Metaspace       used 48544K, committed 50112K, reserved 491520K
  class space    used 6930K, committed 7680K, reserved 425984K
}
Event: 58.921 GC heap after
{Heap after GC invocations=58 (full 0):
 garbage-first heap   total 339968K, used 55498K [0x0000000080000000, 0x0000000100000000)
  region size 1024K, 6 young (6144K), 6 survivors (6144K)
 Metaspace       used 48544K, committed 50112K, reserved 491520K
  class space    used 6930K, committed 7680K, reserved 425984K
}
Event: 60.243 GC heap before
{Heap before GC invocations=58 (full 0):
 garbage-first heap   total 339968K, used 253130K [0x0000000080000000, 0x0000000100000000)
  region size 1024K, 199 young (203776K), 6 survivors (6144K)
 Metaspace       used 48544K, committed 50112K, reserved 491520K
  class space    used 6930K, committed 7680K, reserved 425984K
}
Event: 60.253 GC heap after
{Heap after GC invocations=59 (full 0):
 garbage-first heap   total 339968K, used 57067K [0x0000000080000000, 0x0000000100000000)
  region size 1024K, 7 young (7168K), 7 survivors (7168K)
 Metaspace       used 48544K, committed 50112K, reserved 491520K
  class space    used 6930K, committed 7680K, reserved 425984K
}
Event: 61.236 GC heap before
{Heap before GC invocations=59 (full 0):
 garbage-first heap   total 339968K, used 253675K [0x0000000080000000, 0x0000000100000000)
  region size 1024K, 199 young (203776K), 7 survivors (7168K)
 Metaspace       used 48545K, committed 50112K, reserved 491520K
  class space    used 6930K, committed 7680K, reserved 425984K
}
Event: 61.286 GC heap after
{Heap after GC invocations=60 (full 0):
 garbage-first heap   total 339968K, used 58091K [0x0000000080000000, 0x0000000100000000)
  region size 1024K, 8 young (8192K), 8 survivors (8192K)
 Metaspace       used 48545K, committed 50112K, reserved 491520K
  class space    used 6930K, committed 7680K, reserved 425984K
}
Event: 63.019 GC heap before
{Heap before GC invocations=60 (full 0):
 garbage-first heap   total 339968K, used 253675K [0x0000000080000000, 0x0000000100000000)
  region size 1024K, 199 young (203776K), 8 survivors (8192K)
 Metaspace       used 48546K, committed 50112K, reserved 491520K
  class space    used 6930K, committed 7680K, reserved 425984K
}
Event: 63.098 GC heap after
{Heap after GC invocations=61 (full 0):
 garbage-first heap   total 339968K, used 59419K [0x0000000080000000, 0x0000000100000000)
  region size 1024K, 10 young (10240K), 10 survivors (10240K)
 Metaspace       used 48546K, committed 50112K, reserved 491520K
  class space    used 6930K, committed 7680K, reserved 425984K
}
Event: 64.455 GC heap before
{Heap before GC invocations=61 (full 0):
 garbage-first heap   total 339968K, used 253979K [0x0000000080000000, 0x0000000100000000)
  region size 1024K, 199 young (203776K), 10 survivors (10240K)
 Metaspace       used 48551K, committed 50176K, reserved 491520K
  class space    used 6930K, committed 7680K, reserved 425984K
}
Event: 64.493 GC heap after
{Heap after GC invocations=62 (full 0):
 garbage-first heap   total 339968K, used 60523K [0x0000000080000000, 0x0000000100000000)
  region size 1024K, 11 young (11264K), 11 survivors (11264K)
 Metaspace       used 48551K, committed 50176K, reserved 491520K
  class space    used 6930K, committed 7680K, reserved 425984K
}
Event: 65.878 GC heap before
{Heap before GC invocations=62 (full 0):
 garbage-first heap   total 339968K, used 253035K [0x0000000080000000, 0x0000000100000000)
  region size 1024K, 199 young (203776K), 11 survivors (11264K)
 Metaspace       used 48552K, committed 50176K, reserved 491520K
  class space    used 6930K, committed 7680K, reserved 425984K
}

Dll operation events (20 events):
Event: 0.185 Attempting to load shared library C:\Program Files\Eclipse Adoptium\jdk-21.0.12.101-hotspot\bin\nio.dll
Event: 0.186 Loaded shared library C:\Program Files\Eclipse Adoptium\jdk-21.0.12.101-hotspot\bin\nio.dll
Event: 0.192 Attempting to load shared library C:\Program Files\Eclipse Adoptium\jdk-21.0.12.101-hotspot\bin\zip.dll
Event: 0.192 Loaded shared library C:\Program Files\Eclipse Adoptium\jdk-21.0.12.101-hotspot\bin\zip.dll
Event: 0.863 Attempting to load shared library C:\Program Files\Eclipse Adoptium\jdk-21.0.12.101-hotspot\bin\jimage.dll
Event: 0.863 Loaded shared library C:\Program Files\Eclipse Adoptium\jdk-21.0.12.101-hotspot\bin\jimage.dll
Event: 1.460 Attempting to load shared library C:\Program Files\Eclipse Adoptium\jdk-21.0.12.101-hotspot\bin\verify.dll
Event: 1.462 Loaded shared library C:\Program Files\Eclipse Adoptium\jdk-21.0.12.101-hotspot\bin\verify.dll
Event: 1.540 Attempting to load shared library C:\Users\Mr Solomon Wisdom\.gradle\native\660c5614fbf4a5f2a75b1949f50a0caf5cd603558e7d8a26e50b933a0cfb79d1\windows-amd64\native-platform.dll
Event: 1.542 Loaded shared library C:\Users\Mr Solomon Wisdom\.gradle\native\660c5614fbf4a5f2a75b1949f50a0caf5cd603558e7d8a26e50b933a0cfb79d1\windows-amd64\native-platform.dll
Event: 1.569 Attempting to load shared library C:\Users\Mr Solomon Wisdom\.gradle\native\0.2.8\x86_64-windows-gnu\gradle-fileevents.dll
Event: 1.578 Loaded shared library C:\Users\Mr Solomon Wisdom\.gradle\native\0.2.8\x86_64-windows-gnu\gradle-fileevents.dll
Event: 3.923 Attempting to load shared library C:\Program Files\Eclipse Adoptium\jdk-21.0.12.101-hotspot\bin\management.dll
Event: 3.924 Loaded shared library C:\Program Files\Eclipse Adoptium\jdk-21.0.12.101-hotspot\bin\management.dll
Event: 3.928 Attempting to load shared library C:\Program Files\Eclipse Adoptium\jdk-21.0.12.101-hotspot\bin\management_ext.dll
Event: 3.929 Loaded shared library C:\Program Files\Eclipse Adoptium\jdk-21.0.12.101-hotspot\bin\management_ext.dll
Event: 4.203 Attempting to load shared library C:\Program Files\Eclipse Adoptium\jdk-21.0.12.101-hotspot\bin\extnet.dll
Event: 4.204 Loaded shared library C:\Program Files\Eclipse Adoptium\jdk-21.0.12.101-hotspot\bin\extnet.dll
Event: 4.572 Attempting to load shared library C:\Program Files\Eclipse Adoptium\jdk-21.0.12.101-hotspot\bin\sunmscapi.dll
Event: 4.576 Loaded shared library C:\Program Files\Eclipse Adoptium\jdk-21.0.12.101-hotspot\bin\sunmscapi.dll

Deoptimization events (20 events):
Event: 59.402 Thread 0x00000240fcda4f10 DEOPT PACKING pc=0x00000240d04e6218 sp=0x000000896e4f5b20
Event: 59.402 Thread 0x00000240fcda4f10 DEOPT UNPACKING pc=0x00000240cfb4439c sp=0x000000896e4f5b08 mode 2
Event: 60.000 Thread 0x00000240fcda4f10 Uncommon trap: trap_request=0xffffff45 fr.pc=0x00000240d0450ca8 relative=0x0000000000006228
Event: 60.000 Thread 0x00000240fcda4f10 Uncommon trap: reason=unstable_if action=reinterpret pc=0x00000240d0450ca8 method=org.objectweb.asm.ClassReader.accept(Lorg/objectweb/asm/ClassVisitor;[Lorg/objectweb/asm/Attribute;I)V @ 287 c2
Event: 60.001 Thread 0x00000240fcda4f10 DEOPT PACKING pc=0x00000240d0450ca8 sp=0x000000896e4f5900
Event: 60.001 Thread 0x00000240fcda4f10 DEOPT UNPACKING pc=0x00000240cfb4439c sp=0x000000896e4f58d8 mode 2
Event: 60.002 Thread 0x00000240fcda4f10 Uncommon trap: trap_request=0xffffff45 fr.pc=0x00000240d041edb8 relative=0x0000000000003bf8
Event: 60.002 Thread 0x00000240fcda4f10 Uncommon trap: reason=unstable_if action=reinterpret pc=0x00000240d041edb8 method=org.objectweb.asm.ClassWriter.toByteArray()[B @ 439 c2
Event: 60.002 Thread 0x00000240fcda4f10 DEOPT PACKING pc=0x00000240d041edb8 sp=0x000000896e4f59c0
Event: 60.002 Thread 0x00000240fcda4f10 DEOPT UNPACKING pc=0x00000240cfb4439c sp=0x000000896e4f5968 mode 2
Event: 62.457 Thread 0x00000240fcda4f10 DEOPT PACKING pc=0x00000240c85f1ddf sp=0x000000896e4f5cb0
Event: 62.459 Thread 0x00000240fcda4f10 DEOPT UNPACKING pc=0x00000240cfb44b23 sp=0x000000896e4f51d0 mode 0
Event: 65.005 Thread 0x00000240fcda4f10 Uncommon trap: trap_request=0xffffff45 fr.pc=0x00000240d054307c relative=0x0000000000005f5c
Event: 65.008 Thread 0x00000240fcda4f10 Uncommon trap: reason=unstable_if action=reinterpret pc=0x00000240d054307c method=org.objectweb.asm.ClassReader.accept(Lorg/objectweb/asm/ClassVisitor;[Lorg/objectweb/asm/Attribute;I)V @ 329 c2
Event: 65.009 Thread 0x00000240fcda4f10 DEOPT PACKING pc=0x00000240d054307c sp=0x000000896e4f5a10
Event: 65.009 Thread 0x00000240fcda4f10 DEOPT UNPACKING pc=0x00000240cfb4439c sp=0x000000896e4f59b8 mode 2
Event: 65.010 Thread 0x00000240fcda4f10 Uncommon trap: trap_request=0xffffff45 fr.pc=0x00000240d0538b34 relative=0x00000000000031f4
Event: 65.010 Thread 0x00000240fcda4f10 Uncommon trap: reason=unstable_if action=reinterpret pc=0x00000240d0538b34 method=org.objectweb.asm.ClassWriter.toByteArray()[B @ 497 c2
Event: 65.010 Thread 0x00000240fcda4f10 DEOPT PACKING pc=0x00000240d0538b34 sp=0x000000896e4f5ac0
Event: 65.010 Thread 0x00000240fcda4f10 DEOPT UNPACKING pc=0x00000240cfb4439c sp=0x000000896e4f5a48 mode 2

Classes loaded (20 events):
Event: 16.395 Loading class java/util/Collections$SynchronizedRandomAccessList
Event: 16.395 Loading class java/util/Collections$SynchronizedList
Event: 16.396 Loading class java/util/Collections$SynchronizedList done
Event: 16.396 Loading class java/util/Collections$SynchronizedRandomAccessList done
Event: 16.831 Loading class java/nio/charset/UnsupportedCharsetException
Event: 16.832 Loading class java/nio/charset/UnsupportedCharsetException done
Event: 16.837 Loading class java/util/Collections$UnmodifiableSortedMap
Event: 16.837 Loading class java/util/Collections$UnmodifiableSortedMap done
Event: 16.839 Loading class java/util/zip/Deflater
Event: 16.840 Loading class java/util/zip/Deflater done
Event: 16.842 Loading class java/util/zip/Deflater$DeflaterZStreamRef
Event: 16.842 Loading class java/util/zip/Deflater$DeflaterZStreamRef done
Event: 16.853 Loading class java/util/zip/ZipFile$ZipEntryIterator
Event: 16.855 Loading class java/util/zip/ZipFile$ZipEntryIterator done
Event: 16.917 Loading class java/nio/StringCharBuffer
Event: 16.918 Loading class java/nio/StringCharBuffer done
Event: 17.144 Loading class java/lang/foreign/MemorySegment
Event: 17.145 Loading class java/lang/foreign/MemorySegment done
Event: 26.677 Loading class java/util/regex/Pattern$Caret
Event: 26.680 Loading class java/util/regex/Pattern$Caret done

Classes unloaded (3 events):
Event: 18.024 Thread 0x00000240dc22f060 Unloading class 0x00000240de6a48e8 '_BuildScript_$_run_closure2'
Event: 18.024 Thread 0x00000240dc22f060 Unloading class 0x00000240de6a44f8 '_BuildScript_$_run_closure1'
Event: 18.024 Thread 0x00000240dc22f060 Unloading class 0x00000240de6a4000 '_BuildScript_'

Classes redefined (0 events):
No events

Internal exceptions (20 events):
Event: 15.822 Thread 0x00000240fcda4f10 Exception <a 'java/lang/NoSuchMethodError'{0x00000000845a9918}: 'java.lang.Object java.lang.invoke.DirectMethodHandle$Holder.newInvokeSpecial(java.lang.Object, java.lang.Object, java.lang.Object, java.lang.Object, java.lang.Object, java.lang.Object, java.lang.Object, java.lang.Object, java.lang.Object, java.lang.Object, java.lang.Object, java.lang.Object, java.lang.Object, java.lang.Object, java.lang.Object, java.lang.Object, java.lang.Object, java.lang.Object, java.lang.Object)'> (0x00000000845a9918) 
thr
Event: 15.823 Thread 0x00000240fcda4f10 Exception <a 'java/lang/NoSuchMethodError'{0x00000000845b0358}: 'java.lang.Object java.lang.invoke.DirectMethodHandle$Holder.invokeSpecial(java.lang.Object, java.lang.Object, java.lang.Object, java.lang.Object, java.lang.Object, java.lang.Object, java.lang.Object, java.lang.Object, java.lang.Object, java.lang.Object, java.lang.Object, java.lang.Object, java.lang.Object, java.lang.Object, java.lang.Object, java.lang.Object, java.lang.Object, java.lang.Object, java.lang.Object, java.lang.Object)'> (0x0000000
Event: 15.823 Thread 0x00000240fcda4f10 Exception <a 'java/lang/NoSuchMethodError'{0x00000000845b5c18}: 'java.lang.Object java.lang.invoke.DelegatingMethodHandle$Holder.reinvoke_L(java.lang.Object, java.lang.Object, java.lang.Object, java.lang.Object, java.lang.Object, java.lang.Object, java.lang.Object, java.lang.Object, java.lang.Object, java.lang.Object, java.lang.Object, java.lang.Object, java.lang.Object, java.lang.Object, java.lang.Object, java.lang.Object, java.lang.Object, java.lang.Object, java.lang.Object)'> (0x00000000845b5c18) 
throw
Event: 16.244 Thread 0x00000240fcda4f10 Exception <a 'sun/nio/fs/WindowsException'{0x000000008414aa80}> (0x000000008414aa80) 
thrown [s\src\hotspot\share\prims\jni.cpp, line 520]
Event: 16.245 Thread 0x00000240fcda4f10 Exception <a 'sun/nio/fs/WindowsException'{0x000000008414c570}> (0x000000008414c570) 
thrown [s\src\hotspot\share\prims\jni.cpp, line 520]
Event: 16.256 Thread 0x00000240fcda4f10 Exception <a 'sun/nio/fs/WindowsException'{0x000000008414e050}> (0x000000008414e050) 
thrown [s\src\hotspot\share\prims\jni.cpp, line 520]
Event: 16.260 Thread 0x00000240fcda4f10 Exception <a 'sun/nio/fs/WindowsException'{0x000000008414f6d8}> (0x000000008414f6d8) 
thrown [s\src\hotspot\share\prims\jni.cpp, line 520]
Event: 16.370 Thread 0x00000240fcda4f10 Exception <a 'java/lang/NoSuchMethodError'{0x0000000084087a98}: 'java.lang.Object java.lang.invoke.Invokers$Holder.invoker(java.lang.Object, java.lang.Object, java.lang.Object, java.lang.Object, java.lang.Object, java.lang.Object)'> (0x0000000084087a98) 
thrown [s\src\hotspot\share\interpreter\linkResolver.cpp, line 773]
Event: 16.425 Thread 0x00000240fcda4f10 Exception <a 'java/lang/NoSuchMethodError'{0x0000000083f34ff8}: 'java.lang.Object java.lang.invoke.DirectMethodHandle$Holder.invokeSpecial(java.lang.Object, java.lang.Object, java.lang.Object, java.lang.Object, java.lang.Object, java.lang.Object, java.lang.Object, java.lang.Object, java.lang.Object, java.lang.Object, java.lang.Object, java.lang.Object, java.lang.Object, java.lang.Object, java.lang.Object, java.lang.Object, java.lang.Object, java.lang.Object, java.lang.Object, java.lang.Object, java.lang.Ob
Event: 16.425 Thread 0x00000240fcda4f10 Exception <a 'java/lang/NoSuchMethodError'{0x0000000083f3b630}: 'java.lang.Object java.lang.invoke.DelegatingMethodHandle$Holder.reinvoke_L(java.lang.Object, java.lang.Object, java.lang.Object, java.lang.Object, java.lang.Object, java.lang.Object, java.lang.Object, java.lang.Object, java.lang.Object, java.lang.Object, java.lang.Object, java.lang.Object, java.lang.Object, java.lang.Object, java.lang.Object, java.lang.Object, java.lang.Object, java.lang.Object, java.lang.Object, java.lang.Object, java.lang.O
Event: 16.427 Thread 0x00000240fcda4f10 Exception <a 'java/lang/NoSuchMethodError'{0x0000000083f46d78}: 'java.lang.Object java.lang.invoke.Invokers$Holder.invoker(java.lang.Object, java.lang.Object, java.lang.Object, java.lang.Object, java.lang.Object, java.lang.Object, java.lang.Object, java.lang.Object, java.lang.Object, java.lang.Object, java.lang.Object, java.lang.Object, java.lang.Object, java.lang.Object, java.lang.Object, java.lang.Object, java.lang.Object, java.lang.Object, java.lang.Object, java.lang.Object, java.lang.Object, java.lang.
Event: 16.427 Thread 0x00000240fcda4f10 Exception <a 'java/lang/NoSuchMethodError'{0x0000000083f4dc60}: 'java.lang.Object java.lang.invoke.DelegatingMethodHandle$Holder.delegate(java.lang.Object, java.lang.Object, java.lang.Object, java.lang.Object, java.lang.Object, java.lang.Object, java.lang.Object, java.lang.Object, java.lang.Object, java.lang.Object, java.lang.Object, java.lang.Object, java.lang.Object, java.lang.Object, java.lang.Object, java.lang.Object, java.lang.Object, java.lang.Object, java.lang.Object, java.lang.Object, java.lang.Obj
Event: 16.534 Thread 0x00000240fcda4f10 Exception <a 'java/lang/NoSuchMethodError'{0x0000000083de4850}: 'java.lang.Object java.lang.invoke.DirectMethodHandle$Holder.invokeStatic(java.lang.Object, java.lang.Object, java.lang.Object, java.lang.Object, java.lang.Object, java.lang.Object, int, java.lang.Object)'> (0x0000000083de4850) 
thrown [s\src\hotspot\share\interpreter\linkResolver.cpp, line 773]
Event: 16.536 Thread 0x00000240fcda4f10 Exception <a 'java/lang/NoSuchMethodError'{0x0000000083dee740}: 'java.lang.Object java.lang.invoke.DirectMethodHandle$Holder.newInvokeSpecial(java.lang.Object, java.lang.Object, java.lang.Object, java.lang.Object, java.lang.Object, java.lang.Object, int)'> (0x0000000083dee740) 
thrown [s\src\hotspot\share\interpreter\linkResolver.cpp, line 773]
Event: 16.537 Thread 0x00000240fcda4f10 Exception <a 'java/lang/NoSuchMethodError'{0x0000000083df3680}: 'java.lang.Object java.lang.invoke.DirectMethodHandle$Holder.invokeSpecial(java.lang.Object, java.lang.Object, java.lang.Object, java.lang.Object, java.lang.Object, java.lang.Object, java.lang.Object, int)'> (0x0000000083df3680) 
thrown [s\src\hotspot\share\interpreter\linkResolver.cpp, line 773]
Event: 16.537 Thread 0x00000240fcda4f10 Exception <a 'java/lang/NoSuchMethodError'{0x0000000083df7e10}: 'java.lang.Object java.lang.invoke.Invokers$Holder.linkToTargetMethod(java.lang.Object, java.lang.Object, java.lang.Object, java.lang.Object, java.lang.Object, int, java.lang.Object)'> (0x0000000083df7e10) 
thrown [s\src\hotspot\share\interpreter\linkResolver.cpp, line 773]
Event: 16.794 Thread 0x00000240fcda4f10 Exception <a 'sun/nio/fs/WindowsException'{0x0000000083c62dd8}> (0x0000000083c62dd8) 
thrown [s\src\hotspot\share\prims\jni.cpp, line 520]
Event: 16.795 Thread 0x00000240fcda4f10 Exception <a 'sun/nio/fs/WindowsException'{0x0000000083c64970}> (0x0000000083c64970) 
thrown [s\src\hotspot\share\prims\jni.cpp, line 520]
Event: 16.860 Thread 0x00000240fcda4f10 Implicit null exception at 0x00000240d027ffe9 to 0x00000240d0280b48
Event: 45.340 Thread 0x00000240fcda4f10 Implicit null exception at 0x00000240d0479487 to 0x00000240d047a414

ZGC Phase Switch (0 events):
No events

VM Operations (20 events):
Event: 58.921 Executing safepoint VM operation: G1CollectForAllocation (G1 Evacuation Pause) done
Event: 60.160 Executing non-safepoint VM operation: HandshakeAllThreads (HandshakeForDeflation)
Event: 60.160 Executing non-safepoint VM operation: HandshakeAllThreads (HandshakeForDeflation) done
Event: 60.160 Executing safepoint VM operation: Cleanup
Event: 60.161 Executing safepoint VM operation: Cleanup done
Event: 60.161 Executing non-safepoint VM operation: RendezvousGCThreads
Event: 60.161 Executing non-safepoint VM operation: RendezvousGCThreads done
Event: 60.243 Executing safepoint VM operation: G1CollectForAllocation (G1 Evacuation Pause)
Event: 60.253 Executing safepoint VM operation: G1CollectForAllocation (G1 Evacuation Pause) done
Event: 61.236 Executing safepoint VM operation: G1CollectForAllocation (G1 Evacuation Pause)
Event: 61.286 Executing safepoint VM operation: G1CollectForAllocation (G1 Evacuation Pause) done
Event: 63.015 Executing safepoint VM operation: G1CollectForAllocation (G1 Evacuation Pause)
Event: 63.102 Executing safepoint VM operation: G1CollectForAllocation (G1 Evacuation Pause) done
Event: 64.116 Executing safepoint VM operation: Cleanup
Event: 64.117 Executing safepoint VM operation: Cleanup done
Event: 64.453 Executing safepoint VM operation: G1CollectForAllocation (G1 Evacuation Pause)
Event: 64.493 Executing safepoint VM operation: G1CollectForAllocation (G1 Evacuation Pause) done
Event: 65.496 Executing safepoint VM operation: Cleanup
Event: 65.496 Executing safepoint VM operation: Cleanup done
Event: 65.878 Executing safepoint VM operation: G1CollectForAllocation (G1 Evacuation Pause)

Memory protections (0 events):
No events

Nmethod flushes (20 events):
Event: 26.440 Thread 0x00000240dc22f060 flushing  nmethod 0x00000240c87afa10
Event: 26.440 Thread 0x00000240dc22f060 flushing  nmethod 0x00000240c87b0290
Event: 26.440 Thread 0x00000240dc22f060 flushing  nmethod 0x00000240c87b0d90
Event: 26.440 Thread 0x00000240dc22f060 flushing  nmethod 0x00000240c87d8290
Event: 26.440 Thread 0x00000240dc22f060 flushing  nmethod 0x00000240c8986210
Event: 26.440 Thread 0x00000240dc22f060 flushing  nmethod 0x00000240c876c890
Event: 26.440 Thread 0x00000240dc22f060 flushing  nmethod 0x00000240c8798690
Event: 26.440 Thread 0x00000240dc22f060 flushing  nmethod 0x00000240c882fd10
Event: 26.440 Thread 0x00000240dc22f060 flushing  nmethod 0x00000240c892aa10
Event: 26.440 Thread 0x00000240dc22f060 flushing  nmethod 0x00000240c8944990
Event: 26.440 Thread 0x00000240dc22f060 flushing  nmethod 0x00000240c897df90
Event: 26.440 Thread 0x00000240dc22f060 flushing  nmethod 0x00000240c8a69b10
Event: 26.440 Thread 0x00000240dc22f060 flushing  nmethod 0x00000240c8bead90
Event: 26.440 Thread 0x00000240dc22f060 flushing  nmethod 0x00000240d0221310
Event: 26.440 Thread 0x00000240dc22f060 flushing  nmethod 0x00000240c85cdd90
Event: 26.440 Thread 0x00000240dc22f060 flushing  nmethod 0x00000240c879e110
Event: 26.440 Thread 0x00000240dc22f060 flushing  nmethod 0x00000240c891a690
Event: 26.440 Thread 0x00000240dc22f060 flushing  nmethod 0x00000240c891b090
Event: 26.440 Thread 0x00000240dc22f060 flushing  nmethod 0x00000240c891ba10
Event: 26.440 Thread 0x00000240dc22f060 flushing  nmethod 0x00000240c891be10

Events (20 events):
Event: 4.651 Thread 0x00000240fce1b430 Thread added: 0x00000240fcc24380
Event: 4.657 Thread 0x00000240fcc24380 Thread added: 0x00000240fcc249f0
Event: 4.706 Thread 0x00000240fcc24380 Thread added: 0x00000240fc76b1e0
Event: 4.722 Thread 0x00000240fcc24380 Thread added: 0x00000240fcda4f10
Event: 4.746 Thread 0x00000240fcda4f10 Thread added: 0x00000240fcda5c30
Event: 4.756 Thread 0x00000240fcda4f10 Thread added: 0x00000240fcda7670
Event: 4.784 Thread 0x00000240fcda4f10 Thread added: 0x00000240fcda8390
Event: 5.575 Thread 0x00000240fcda4f10 Thread added: 0x00000240fcda6fe0
Event: 5.590 Thread 0x00000240fcda4f10 Thread added: 0x00000240fcda55a0
Event: 5.697 Thread 0x00000240fcda4f10 Thread added: 0x00000240fcda7d00
Event: 7.733 Thread 0x00000240fcda4f10 Thread added: 0x00000240fd6b8e10
Event: 7.760 Thread 0x00000240fcda4f10 Thread added: 0x00000240fd6b8780
Event: 8.232 Thread 0x00000240fcda4f10 Thread added: 0x00000240fd6b4c70
Event: 8.245 Thread 0x00000240fcda4f10 Thread added: 0x00000240fd6b5300
Event: 8.591 Thread 0x00000240fcda4f10 Thread added: 0x00000240fd6b7a60
Event: 8.687 Thread 0x00000240fcda4f10 Thread added: 0x00000240fd6b6d40
Event: 9.168 Thread 0x00000240fcda4f10 Thread added: 0x00000240fd6b5990
Event: 9.288 Thread 0x00000240fcda4f10 Thread added: 0x00000240fd6b66b0
Event: 14.733 Thread 0x00000240fcda4f10 Thread added: 0x00000240fd6ba1c0
Event: 16.113 Thread 0x00000240fcda4f10 Thread added: 0x00000240fd6baee0


Dynamic libraries:
0x00007ff63da80000 - 0x00007ff63da8e000 	C:\Program Files\Eclipse Adoptium\jdk-21.0.12.101-hotspot\bin\java.exe
0x00007ffa74cf0000 - 0x00007ffa74ee8000 	C:\WINDOWS\SYSTEM32\ntdll.dll
0x00007ffa73700000 - 0x00007ffa737c2000 	C:\WINDOWS\System32\KERNEL32.DLL
0x00007ffa728b0000 - 0x00007ffa72ba6000 	C:\WINDOWS\System32\KERNELBASE.dll
0x00007ffa727b0000 - 0x00007ffa728b0000 	C:\WINDOWS\System32\ucrtbase.dll
0x00007ffa5d7a0000 - 0x00007ffa5d7b8000 	C:\Program Files\Eclipse Adoptium\jdk-21.0.12.101-hotspot\bin\jli.dll
0x00007ffa5e3e0000 - 0x00007ffa5e3fe000 	C:\Program Files\Eclipse Adoptium\jdk-21.0.12.101-hotspot\bin\VCRUNTIME140.dll
0x00007ffa72d20000 - 0x00007ffa72ec1000 	C:\WINDOWS\System32\USER32.dll
0x00007ffa726d0000 - 0x00007ffa726f2000 	C:\WINDOWS\System32\win32u.dll
0x00007ffa62440000 - 0x00007ffa626db000 	C:\WINDOWS\WinSxS\amd64_microsoft.windows.common-controls_6595b64144ccf1df_6.0.19041.6456_none_60b8a6cb71f64256\COMCTL32.dll
0x00007ffa737d0000 - 0x00007ffa737fb000 	C:\WINDOWS\System32\GDI32.dll
0x00007ffa74aa0000 - 0x00007ffa74b3e000 	C:\WINDOWS\System32\msvcrt.dll
0x00007ffa72450000 - 0x00007ffa72569000 	C:\WINDOWS\System32\gdi32full.dll
0x00007ffa72630000 - 0x00007ffa726cd000 	C:\WINDOWS\System32\msvcp_win.dll
0x00007ffa73c80000 - 0x00007ffa73caf000 	C:\WINDOWS\System32\IMM32.DLL
0x00007ffa69f20000 - 0x00007ffa69f2c000 	C:\Program Files\Eclipse Adoptium\jdk-21.0.12.101-hotspot\bin\vcruntime140_1.dll
0x00007ffa53720000 - 0x00007ffa537ad000 	C:\Program Files\Eclipse Adoptium\jdk-21.0.12.101-hotspot\bin\msvcp140.dll
0x00007ffa273b0000 - 0x00007ffa28152000 	C:\Program Files\Eclipse Adoptium\jdk-21.0.12.101-hotspot\bin\server\jvm.dll
0x00007ffa73e80000 - 0x00007ffa73f31000 	C:\WINDOWS\System32\ADVAPI32.dll
0x00007ffa73cb0000 - 0x00007ffa73d4f000 	C:\WINDOWS\System32\sechost.dll
0x00007ffa73220000 - 0x00007ffa73340000 	C:\WINDOWS\System32\RPCRT4.dll
0x00007ffa72570000 - 0x00007ffa72597000 	C:\WINDOWS\System32\bcrypt.dll
0x00007ffa74900000 - 0x00007ffa7496b000 	C:\WINDOWS\System32\WS2_32.dll
0x00007ffa721e0000 - 0x00007ffa7222b000 	C:\WINDOWS\SYSTEM32\POWRPROF.dll
0x00007ffa67330000 - 0x00007ffa6733a000 	C:\WINDOWS\SYSTEM32\VERSION.dll
0x00007ffa62410000 - 0x00007ffa62437000 	C:\WINDOWS\SYSTEM32\WINMM.dll
0x00007ffa721c0000 - 0x00007ffa721d2000 	C:\WINDOWS\SYSTEM32\UMPDC.dll
0x00007ffa70b50000 - 0x00007ffa70b62000 	C:\WINDOWS\SYSTEM32\kernel.appcore.dll
0x00007ffa68fa0000 - 0x00007ffa68faa000 	C:\Program Files\Eclipse Adoptium\jdk-21.0.12.101-hotspot\bin\jimage.dll
0x00007ffa70090000 - 0x00007ffa70291000 	C:\WINDOWS\SYSTEM32\DBGHELP.DLL
0x00007ffa67370000 - 0x00007ffa673a4000 	C:\WINDOWS\SYSTEM32\dbgcore.DLL
0x00007ffa725a0000 - 0x00007ffa72622000 	C:\WINDOWS\System32\bcryptPrimitives.dll
0x00007ffa5d810000 - 0x00007ffa5d81f000 	C:\Program Files\Eclipse Adoptium\jdk-21.0.12.101-hotspot\bin\instrument.dll
0x00007ffa55710000 - 0x00007ffa55730000 	C:\Program Files\Eclipse Adoptium\jdk-21.0.12.101-hotspot\bin\java.dll
0x00007ffa73fa0000 - 0x00007ffa74710000 	C:\WINDOWS\System32\SHELL32.dll
0x00007ffa70390000 - 0x00007ffa70b35000 	C:\WINDOWS\SYSTEM32\windows.storage.dll
0x00007ffa73340000 - 0x00007ffa73694000 	C:\WINDOWS\System32\combase.dll
0x00007ffa71bf0000 - 0x00007ffa71c1b000 	C:\WINDOWS\SYSTEM32\Wldp.dll
0x00007ffa74be0000 - 0x00007ffa74cad000 	C:\WINDOWS\System32\OLEAUT32.dll
0x00007ffa72f60000 - 0x00007ffa7300d000 	C:\WINDOWS\System32\SHCORE.dll
0x00007ffa748a0000 - 0x00007ffa748fb000 	C:\WINDOWS\System32\shlwapi.dll
0x00007ffa722b0000 - 0x00007ffa722d4000 	C:\WINDOWS\SYSTEM32\profapi.dll
0x00007ffa4a730000 - 0x00007ffa4a807000 	C:\Program Files\Eclipse Adoptium\jdk-21.0.12.101-hotspot\bin\jsvml.dll
0x00007ffa53190000 - 0x00007ffa531a8000 	C:\Program Files\Eclipse Adoptium\jdk-21.0.12.101-hotspot\bin\zip.dll
0x00007ffa62a30000 - 0x00007ffa62a40000 	C:\Program Files\Eclipse Adoptium\jdk-21.0.12.101-hotspot\bin\net.dll
0x00007ffa62ad0000 - 0x00007ffa62bda000 	C:\WINDOWS\SYSTEM32\WINHTTP.dll
0x00007ffa719d0000 - 0x00007ffa71a3a000 	C:\WINDOWS\system32\mswsock.dll
0x00007ffa539d0000 - 0x00007ffa539e6000 	C:\Program Files\Eclipse Adoptium\jdk-21.0.12.101-hotspot\bin\nio.dll
0x00007ffa5d930000 - 0x00007ffa5d940000 	C:\Program Files\Eclipse Adoptium\jdk-21.0.12.101-hotspot\bin\verify.dll
0x00007ffa6a140000 - 0x00007ffa6a167000 	C:\Users\Mr Solomon Wisdom\.gradle\native\660c5614fbf4a5f2a75b1949f50a0caf5cd603558e7d8a26e50b933a0cfb79d1\windows-amd64\native-platform.dll
0x00007ffa53c70000 - 0x00007ffa53ce7000 	C:\Users\Mr Solomon Wisdom\.gradle\native\0.2.8\x86_64-windows-gnu\gradle-fileevents.dll
0x00007ffa6f0f0000 - 0x00007ffa6f0fa000 	C:\Program Files\Eclipse Adoptium\jdk-21.0.12.101-hotspot\bin\management.dll
0x00007ffa6a170000 - 0x00007ffa6a17c000 	C:\Program Files\Eclipse Adoptium\jdk-21.0.12.101-hotspot\bin\management_ext.dll
0x00007ffa72d10000 - 0x00007ffa72d18000 	C:\WINDOWS\System32\PSAPI.DLL
0x00007ffa716d0000 - 0x00007ffa7170b000 	C:\WINDOWS\SYSTEM32\IPHLPAPI.DLL
0x00007ffa73e70000 - 0x00007ffa73e78000 	C:\WINDOWS\System32\NSI.dll
0x00007ffa62350000 - 0x00007ffa62359000 	C:\Program Files\Eclipse Adoptium\jdk-21.0.12.101-hotspot\bin\extnet.dll
0x00007ffa71c30000 - 0x00007ffa71c48000 	C:\WINDOWS\SYSTEM32\CRYPTSP.dll
0x00007ffa71310000 - 0x00007ffa71348000 	C:\WINDOWS\system32\rsaenh.dll
0x00007ffa72230000 - 0x00007ffa7225e000 	C:\WINDOWS\SYSTEM32\USERENV.dll
0x00007ffa71b60000 - 0x00007ffa71b6c000 	C:\WINDOWS\SYSTEM32\CRYPTBASE.dll
0x00007ffa62380000 - 0x00007ffa6238e000 	C:\Program Files\Eclipse Adoptium\jdk-21.0.12.101-hotspot\bin\sunmscapi.dll
0x00007ffa72bb0000 - 0x00007ffa72d0d000 	C:\WINDOWS\System32\CRYPT32.dll
0x00007ffa71d40000 - 0x00007ffa71d67000 	C:\WINDOWS\SYSTEM32\ncrypt.dll
0x00007ffa71d00000 - 0x00007ffa71d3b000 	C:\WINDOWS\SYSTEM32\NTASN1.dll
0x00007ffa5b860000 - 0x00007ffa5b867000 	C:\WINDOWS\system32\wshunix.dll

JVMTI agents:
C:\Users\Mr Solomon Wisdom\.gradle\wrapper\dists\gradle-9.3.1-bin\23ovyewtku6u96viwx3xl3oks\gradle-9.3.1\lib\agents\gradle-instrumentation-agent-9.3.1.jar path:C:\Program Files\Eclipse Adoptium\jdk-21.0.12.101-hotspot\bin\instrument.dll, loaded, initialized, instrumentlib options:none

dbghelp: loaded successfully - version: 4.0.5 - missing functions: none
symbol engine: initialized successfully - sym options: 0x614 - pdb path: .;C:\Program Files\Eclipse Adoptium\jdk-21.0.12.101-hotspot\bin;C:\WINDOWS\SYSTEM32;C:\WINDOWS\WinSxS\amd64_microsoft.windows.common-controls_6595b64144ccf1df_6.0.19041.6456_none_60b8a6cb71f64256;C:\Program Files\Eclipse Adoptium\jdk-21.0.12.101-hotspot\bin\server;C:\Users\Mr Solomon Wisdom\.gradle\native\660c5614fbf4a5f2a75b1949f50a0caf5cd603558e7d8a26e50b933a0cfb79d1\windows-amd64;C:\Users\Mr Solomon Wisdom\.gradle\native\0.2.8\x86_64-windows-gnu

VM Arguments:
jvm_args: --add-opens=java.base/java.lang=ALL-UNNAMED --add-opens=java.base/java.lang.invoke=ALL-UNNAMED --add-opens=java.base/java.util=ALL-UNNAMED --add-opens=java.prefs/java.util.prefs=ALL-UNNAMED --add-exports=jdk.compiler/com.sun.tools.javac.api=ALL-UNNAMED --add-exports=jdk.compiler/com.sun.tools.javac.util=ALL-UNNAMED --add-opens=java.base/java.util=ALL-UNNAMED --add-opens=java.prefs/java.util.prefs=ALL-UNNAMED --add-opens=java.base/java.nio.charset=ALL-UNNAMED --add-opens=java.base/java.net=ALL-UNNAMED --add-opens=java.base/java.util.concurrent=ALL-UNNAMED --add-opens=java.base/java.util.concurrent.atomic=ALL-UNNAMED --add-opens=java.xml/javax.xml.namespace=ALL-UNNAMED --add-opens=java.base/java.time=ALL-UNNAMED -XX:MaxMetaspaceSize=512m -Xmx2048m -Dfile.encoding=UTF-8 -Duser.country=GB -Duser.language=en -Duser.variant -javaagent:C:\Users\Mr Solomon Wisdom\.gradle\wrapper\dists\gradle-9.3.1-bin\23ovyewtku6u96viwx3xl3oks\gradle-9.3.1\lib\agents\gradle-instrumentation-agent-9.3.1.jar 
java_command: org.gradle.launcher.daemon.bootstrap.GradleDaemon 9.3.1
java_class_path (initial): C:\Users\Mr Solomon Wisdom\.gradle\wrapper\dists\gradle-9.3.1-bin\23ovyewtku6u96viwx3xl3oks\gradle-9.3.1\lib\gradle-daemon-main-9.3.1.jar
Launcher Type: SUN_STANDARD

[Global flags]
     intx CICompilerCount                          = 3                                         {product} {ergonomic}
   size_t CompressedClassSpaceSize                 = 436207616                                 {product} {ergonomic}
     uint ConcGCThreads                            = 1                                         {product} {ergonomic}
     uint G1ConcRefinementThreads                  = 4                                         {product} {ergonomic}
   size_t G1HeapRegionSize                         = 1048576                                   {product} {ergonomic}
    uintx GCDrainStackTargetSize                   = 64                                        {product} {ergonomic}
   size_t InitialHeapSize                          = 65011712                                  {product} {ergonomic}
   size_t MarkStackSize                            = 4194304                                   {product} {ergonomic}
   size_t MaxHeapSize                              = 2147483648                                {product} {command line}
   size_t MaxMetaspaceSize                         = 536870912                                 {product} {command line}
   size_t MaxNewSize                               = 1287651328                                {product} {ergonomic}
   size_t MinHeapDeltaBytes                        = 1048576                                   {product} {ergonomic}
   size_t MinHeapSize                              = 8388608                                   {product} {ergonomic}
    uintx NonNMethodCodeHeapSize                   = 5832780                                {pd product} {ergonomic}
    uintx NonProfiledCodeHeapSize                  = 122912730                              {pd product} {ergonomic}
    uintx ProfiledCodeHeapSize                     = 122912730                              {pd product} {ergonomic}
    uintx ReservedCodeCacheSize                    = 251658240                              {pd product} {ergonomic}
     bool SegmentedCodeCache                       = true                                      {product} {ergonomic}
   size_t SoftMaxHeapSize                          = 2147483648                             {manageable} {ergonomic}
     bool UseCompressedOops                        = true                           {product lp64_product} {ergonomic}
     bool UseG1GC                                  = true                                      {product} {ergonomic}
     bool UseLargePagesIndividualAllocation        = false                                  {pd product} {ergonomic}

Logging:
Log output configuration:
 #0: stdout all=warning uptime,level,tags foldmultilines=false
 #1: stderr all=off uptime,level,tags foldmultilines=false

Release file:
IMPLEMENTOR="Eclipse Adoptium" 
IMPLEMENTOR_VERSION="Temurin-21.0.12.1+1" 
JAVA_RUNTIME_VERSION="21.0.12.1+1-LTS" 
JAVA_VERSION="21.0.12.1" 
JAVA_VERSION_DATE="2026-08-18" 
LIBC="default" 
MODULES="java.base java.compiler java.datatransfer java.xml java.prefs java.desktop java.instrument java.logging java.management java.security.sasl java.naming java.rmi java.management.rmi java.net.http java.scripting java.security.jgss java.transaction.xa java.sql java.sql.rowset java.xml.crypto java.se java.smartcardio jdk.accessibility jdk.internal.jvmstat jdk.attach jdk.charsets jdk.internal.opt jdk.zipfs jdk.compiler jdk.crypto.ec jdk.crypto.cryptoki jdk.crypto.mscapi jdk.dynalink jdk.internal.ed jdk.editpad jdk.hotspot.agent jdk.httpserver jdk.incubator.vector jdk.internal.le jdk.internal.vm.ci jdk.internal.vm.compiler jdk.internal.vm.compiler.management jdk.jartool jdk.javadoc jdk.jcmd jdk.management jdk.management.agent jdk.jconsole jdk.jdeps jdk.jdwp.agent jdk.jdi jdk.jfr jdk.jlink jdk.jpackage jdk.jshell jdk.jsobject jdk.jstatd jdk.localedata jdk.management.jfr jdk.naming.dns jdk.naming.rmi jdk.net jdk.nio.mapmode jdk.random jdk.sctp jdk.security.auth jdk.security.jgss jdk.unsupported jdk.unsupported.desktop jdk.xml.dom" 
OS_ARCH="x86_64" 
OS_NAME="Windows" 
SOURCE=".:git:1c417fbfc2f7" 
BUILD_SOURCE="git:e6ba7dec3d07654074559310376a3ae89da5f4ac"
BUILD_SOURCE_REPO="https://github.com/adoptium/temurin-build.git"
SOURCE_REPO="https://github.com/adoptium/jdk21u.git"
FULL_VERSION="21.0.12.1+1-LTS"
SEMANTIC_VERSION="21.0.12.1+1"
BUILD_INFO="OS: Windows Server 2022 Version: 10.0"
JVM_VARIANT="Hotspot"
JVM_VERSION="21.0.12.1+1-LTS"
IMAGE_TYPE="JDK"

Environment Variables:
JAVA_HOME=C:\Program Files\Eclipse Adoptium\jdk-21.0.12.101-hotspot
PATH=C:\Program Files\Eclipse Adoptium\jdk-21.0.12.101-hotspot\bin;C:\Users\Mr Solomon Wisdom\.codex\tmp\arg0\codex-arg0ESsHzC;C:\Users\Mr Solomon Wisdom\AppData\Roaming\npm\node_modules\@openai\codex\node_modules\@openai\codex-win32-x64\vendor\x86_64-pc-windows-msvc\codex-path;C:\WINDOWS\system32;C:\WINDOWS;C:\WINDOWS\System32\Wbem;C:\WINDOWS\System32\WindowsPowerShell\v1.0\;C:\WINDOWS\System32\OpenSSH\;C:\Program Files\dotnet\;C:\Users\General\AppData\Local\nvm;C:\nvm4w\nodejs;C:\SecurityTools;C:\Program Files\nodejs\;C:\Program Files\Git\cmd;C:\Program Files\WSL\;C:\Program Files\Eclipse Adoptium\jdk-17.0.19.10-hotspot\bin;C:\Program Files\Common Files\Oracle\Java\javapath;C:\Users\Mr Solomon Wisdom\AppData\Local\Microsoft\WindowsApps;C:\Users\Mr Solomon Wisdom\AppData\Local\Programs\Ollama;C:\Users\Mr Solomon Wisdom\Downloads\gobuster_Windows_x86_64;C:\Users\Mr Solomon Wisdom\AppData\Local\Programs\Git\cmd;C:\Users\Mr Solomon Wisdom\AppData\Local\Microsoft\WinGet\Packages\DenoLand.Deno_Microsoft.Winget.Source_8wekyb3d8bbwe;C:\Users\Mr Solomon Wisdom\AppData\Local\Microsoft\WinGet\Packages\yt-dlp.FFmpeg_Microsoft.Winget.Source_8wekyb3d8bbwe\ffmpeg-N-125875-g5d4d3bdc61-win64-gpl\bin;C:\Users\Mr Solomon Wisdom\AppData\Local\Microsoft\WinGet\Packages\yt-dlp.yt-dlp_Microsoft.Winget.Source_8wekyb3d8bbwe;C:\Users\Mr Solomon Wisdom\AppData\Local\Microsoft\WinGet\Packages\Gyan.FFmpeg_Microsoft.Winget.Source_8wekyb3d8bbwe\ffmpeg-9.0.2-full_build\bin;C:\Users\Mr Solomon Wisdom\AppData\Roaming\npm;C:\Users\Mr Solomon Wisdom\AppData\Local\Microsoft\WindowsApps;C:\Users\Mr Solomon Wisdom\AppData\Local\Programs\DockerDesktop\resources\bin
USERNAME=Mr Solomon Wisdom
LANG=C.UTF-8
LC_ALL=C.UTF-8
LC_CTYPE=C.UTF-8
TERM=dumb
OS=Windows_NT
PROCESSOR_IDENTIFIER=Intel64 Family 6 Model 122 Stepping 1, GenuineIntel
TMP=C:\Users\MRSOLO~1\AppData\Local\Temp
TEMP=C:\Users\MRSOLO~1\AppData\Local\Temp




Periodic native trim disabled

---------------  S Y S T E M  ---------------

OS:
 Windows 10 , 64 bit Build 19041 (10.0.19041.5915)
OS uptime: 1 days 4:36 hours
Hyper-V role detected

CPU: total 4 (initial active 4) (4 cores per cpu, 1 threads per core) family 6 model 122 stepping 1 microcode 0x32, cx8, cmov, fxsr, mmx, 3dnowpref, sse, sse2, sse3, ssse3, sse4.1, sse4.2, popcnt, tsc, tscinvbit, aes, erms, clmul, sha, clflush, clflushopt, hv, rdtscp, rdpid
Processor Information for the first 4 processors :
  Max Mhz: 1101, Current Mhz: 1101, Mhz Limit: 1101

Memory: 4k page, system-wide physical 3914M (150M free)
TotalPageFile size 12096M (AvailPageFile size 348M)
current process WorkingSet (physical memory assigned to process): 278M, peak: 278M
current process commit charge ("private bytes"): 539M, peak: 1006M

vm_info: OpenJDK 64-Bit Server VM (21.0.12.1+1-LTS) for windows-amd64 JRE (21.0.12.1+1-LTS), built on 2026-08-18T00:00:00Z by "admin" with MS VC++ 17.12 (VS2022)

END.
